0xbCfbD765A684Ff568901AbC6F4DC9C1C14e268Be,62
0x56E66c6C19bA5617f8800e2E0763D71EF26f1ae6,69
0x787b4b7FFEf8edDaD54F311039aCF4c36FEC9593,72
0x31d173Ea66Fa8fBa38b3DDB798C1c1098f3AE8c5,86
0x262b58f94055B13f986722498597a43CA9f3BA6D,86
0x1C56b4BcBA5A62a195DA10B1c65956DE5C18A31C,86
0xEE9cA24FB62BFc021e1A46E09e1C1CbECD3341B5,86
0xF44033bDDC7872A26df3942a26baEF8F359C3609,86
0x561ADa4B0243F1d83dF80D1653E9F76E84128b0b,79
0x3D882fFD6e5144A54002659B4BA293f38Cbb7Ded,76
0x41e490DAc7e1d563A0b4B19dBB8c101709ed7b0C,76
0xd28dF14b75B1522591F51A66B91eC49958Ac7371,86
0xf0beA6f5BAB274955FF9d587d49f6287878ef9c6,76
0xC3C345A20C34927851bCf7f54c9B960DE33A0309,79
0xf37520CC2975CF7E66BF33CD27C940C7a46d1cc4,86
0x7De32F563B1b100be3a5738996D3C5FbFbF9dE76,86
0xeab804D5469C1838D01F922b43c278C67ce64457,79
0xac11BAd053962B8702D3F01cF639204c23bEf445,86
0x8a045dfa1E651E48f831c2E209205f26c3156fae,86
0xE10bF39489925eE9B00b1f4d474576296C778b84,86
0xAdd9A7C1b516060b212f98e699b2779e961f4eC5,86
0xF803f8120638fAE0236d802da3D8972Dba20915B,86
0x7f14C10a5078E6B5803D7789810104176c60D574,86
0x858b0A0Ad769A95e527154715310E47C278aa422,86
0x644F306f81c581eeF655a3Cb9553642699f382C0,86
0x43F44b24caB3c14117EE4F93CCeE43411bEeE612,86
0x367Cd6603861d4527cfbd2F2AbFf0CA6471FdEC5,86
0x246251398B8f4229cFEe67599C03d51510281831,86
0xD2169f817b936FA0C4023eb97b190D1495D342b8,86
0x73002FC0d8f77c7dDb1bb6E3d1a58331CcEE4A82,86
0xB9F7170bc40b7D6B1B940D62b8d311052AB587BE,86
0x41c3e27a6594F5b8D63a24e9Af6EC5eB6dDE9778,86
0x9a7c49576287C3486f538169C577B97B437c0F8d,86
0xB1E8812b57EF3A98767D9C022B46023560D61859,86
0x912325F1864C0070582c5bc46f6119f18f51fE6a,86
0xd7dB519032dD53AD1bffeBd2341a05408C742514,86
0x8C31B9A25443FFeF085d7303c26Be9798309Fa63,86
0xCBe27C1A76666ee9E52C167f42a54D25e6d219b0,86
0x6a4F808824739cdDedA049969Ce819002d70AB59,86
0xAF57Efd9C83CF3ac5e06c9F98E94051BDb6E8834,86
0x06F8E027cd645644567f0e584b82616f400F0aa3,86
0xa723C8F88190c7188922f878FDe8f81160458d41,86
0xeF0140E993341e68cfC174Fcb7192dB2901555A0,86
0x458e4984cccBe75788b50d7E2BeaEb179dAd2140,86
0x17dA3BaAEe97BB210199b95646f8e6e716C37e9F,86
0xbC6600847b27ea353D0D041C721E545945e5E0A8,72
0x247c41F71C1e1Ea6d03Be0677C100D4D66B59496,86
0x1b3f2492cE5f1E7A29968C33F68567E75578c611,86
0x729250be25dC878Dd400Bf5BeF702DE77c83493e,86
0x9224bbB4E0fBE2f2f8fab55DEbC41Eb21fDfB804,62
0x75fb0328aec12d9496Cf4ca290F7a9eF57396bA2,86
0xb70524bE392B9f4681eFfe0cde9FdA3153DbC886,86
0x26D863eEF3B7302dCfeaEADea3A550bFC1fbF923,86
0xC8B4a24Fa2a43AD2BEe6ca3C7014918C1C1f836d,69
0xc19f12d757644076e1e81605577ac64CD2e86b64,76
0x8160684b00f59B8d2049C23c71bF42d6ea533c3c,76
0xb38715858d1087f5FbA4579d674d7D73B448376C,76
0xc8312f842c20bfc59301cb6fe0e7683a9107fded,76
0x078D3251ABEEa84f4c814b1bA32e2C4aDe6D6BB1,72
0xD045665DF8CDf56962E48b01E094282f497446eB,72
0x54ba70Cf57EF0753C3964a4A2450A3355A661a6c,86
0x514B6dE6739Da6f5277775EE144E633DD212bcf7,79
0x3Fb84A6B08E91801424E2e7847d1e3DeaBa5e628,86
0xEF9150Bf605707e5b910Ec92313f4d5627986919,86
0xa1C7bd2e48f7f3922e201705f3491C841135F483,69
0x81D442EACeE483b1BD692d3bf50AB3319106AAD2,86
0x376e3097fECa4bc9c94F0fb7b536059B605E8742,86
0x463F0b248F0Ea7a66FfB42644Cb81B6ed3b0B1fE,86
0x7e3f18709a9f6b10E9D57a5bb8Be7fB0FeC6d2f8,86
0x430E841868AB752B04f24F3a20fC8bCd00290Fb4,86
0x1B3e152B73576919E9Fc9a7Fc4d4b89836580EC2,86
0x5bB59DB58252CF7485E6730f6803F26825d58C53,69
0x913b3D3e6dAf82a2dc63a3027e487C5c193a14fa,86
0x4a9b24f7aACaE50348677b11f4179F9d3dc0d54C,86
0xEe6e5F03Fb07Df0fdCF3D8F99974b518A475432A,72
0x0B2dF028C26bA1f58e6eA282b2a1D515d99Ae282,62
0x573b8502bda0C67FC12c7029941D355d618330F5,86
0xEb01fF124D71b6C7E6613fd6E0A86c28C733F008,76
0x66666aD6B459f54A68419363385316abb8a857fF,69
0x02fFb9B4bBC29f9A59b20C541d369C5add62a5a3,79
0x7118DBaDAcA4c7E8bBE01C8E9605772cA3Ef3dAe,86
0x6DdD447492590fd1bb1E0b9f763053E3fe15aD2c,86
0x045F5Bd64994C1199e7d7e5Af97b151E7Fd4EdeB,86
0xDf6DBCbBDbD7aD209e666102F28531299392Cf33,86
0x410ee1b275bd2a798A0B747CBcB7389Fd5B11bb5,86
0x840b0c891a9E5DD0868946e26c1e290567b7d962,86
0x0190aE799806050B96c901A84BAEf58cdC9aF88d,86
0x5eADda0d9380B49D478c809BaEa08c1ba4B00492,86
0x7AE41835444183A23bAA10EbfdF2997D10130f5d,86
0x0ce941c84CfEF03782486e20F185B144c34328B1,86
0x876bba100e520A5552b13d8924b3Fb86C9Ebc8De,69
0x5B69dd7797694ABc880b187c25eB57a7b6bD55e0,86
0x34683a85d41B0AA30076bfedaF5A213114d7528b,86
0xC9FB56FB97798505107d67cc59E3AD2639c3Eed4,86
0x6C174CE7017796FE84d8A9D438a1A4d1776d8E5C,79
0x43FE9ee74a3AA45486F4F7a22ecdaeEc979fd2bC,86
0xf144fcebdb84fD3Bc070108673D6290940AAD756,76
0xa2a6D027ED0F6833Fa15F17964bc0693c9cA2C52,86
0xaa607dEc101EDA47067a88C92c3fF19f75744aFF,86
0x56a8aDF3DEd273659C8b8811606ba265f74Cb1a7,86
0x898E7BA5997Edf98aC95E19a2D8dc417Fbe80621,76
0x877472b71f003E6d97e64C6D37615e1258344869,76
0x6bF1Bf2129936aFF6eDFA434Fc8267045A61dCEe,86
0x44ceeC1034E938CcFcAB1cC370E15f77b0bD5C3d,86
0xC0818BEE6676211B278378c371625DB6B31B66dD,86
0x1963Ce96bBe8Dea23837933F440ED2B007573533,86
0x9ee0a1c2c5ea10bF3Bf355A7F7018E1EdE831E8F,86
0x7F07b5c941076Cc0DcDBf66633ddDd156aE06663,86
0x92304b94Bc4eb28c7f8dc967f3a0a672cC7Fb311,86
0x24E70781346edCB2D916E7357b0f8069Bd387CAf,86
0x3511748c00b6B2dD9f77c1141ceC9C0BD7ADA5bE,86
0xF647945082CA80F9792F8E2938B2119b37762D03,86
0x0146eF29dC977eA95328d9901a3C686E43b70953,86
0x5b5f8033C080E454d54274380EB1DEc1d36c40C5,86
0x22FAFf6BE22E1D7a783283CE116e54C6B98A79F6,86
0x7D952653d04E0564A1074471917fA943aE0b1625,76
0xDa52E560c5A01034987CeCD8985CBA0001aEAb1f,76
0x3CC27625668e0Fd4aCE308f6E0B87BB284B19e62,86
0x76bdFF8F42f791c41D8ACB6FD70D12f2f9249a53,69
0x3BeF13Dc794dA1e37db4F5676aE333254F000fa0,86
0x63988d29fa1004A5106Ad1723E4dE31b9c1D795F,86
0x40073E23c3eAd0fe0cc87B6Df2b757D5772b4DA5,86
0x756cdC2527C83A2744400430cF6C163803DfFccB,86
0x3C1F0c6056e7Da3FD6Dee97f850D4B82fda3dAEe,86
0xf81C8E54e77dD45e0e9535A7780ee7460CfE5461,86
0x5cCcFEd1A2dEd54C0C6e75E73ad485b819285a9C,76
0xfD61E60d54F64BE6F2EA41507e4658a2b0064d37,86
0x4E58d0FbeA501Af24B7Bb6d7D8ed6A0126e44c88,76
0x539E10A1df9E16d30D59EDb0c0e9a3DAc9280b9E,76
0xA00F08d9255B4b414Af387d94dc6C856616d9d06,86
0xd1222e5ECc46ABb893A860a9E1A8E6c2efBAf625,69
0xFD84DF0525d400329BA49584843A866eA4BCBC1A,69
0xb2e09BDB278a589Dfb7B3A3E44Abb8BFf34F8497,76
0xC64530CA480Fec0C9f3Fc1a8FF33df9063454434,86
0x8D913539a777b13d82ECf6B97f25e1564355B9f6,86
0x5D98a75aB23374740C04F074DadF80cCc4539DFE,86
0x544E0fB9E23bC56d94dDB86Ff16CD5011707e5BA,86
0xDC81161a37C7851CaA5Ed7318b418E81d0F6AAEc,86
0x2C3AF0974068c1b50F991820972a82eEd4CA4F2F,86
0x516A0BF91d0D93dAbe92C32499E0CE970593aE57,79
0x5a754D46335A190E1377Ee33281d98CfB0630a89,86
0xE175280eeb31095b1E5D0855FA1eB8760fC49a89,86
0x7965E2BFD310819dbf50AeC63e0a076D258839bd,86
0x4863b161e1f2A84f37Be745682FB174a54AB12E5,86
0xB35Fa1Ebea5f337eD9365Be8e0e30f41cCFe19B7,86
0x00b65668a962Ee571a8f223aBD696Ab1Bd3A391f,86
0x4bF98a0D6B80142302E21822e0B8475dA10EbAe2,86
0x9b947Ea10482c7eD58De46530BB0F514a7a3dE26,86
0x24C0a6721EbE2D083CCCD09574a44119120A2Aa6,86
0x1f5eAe2bFC1dDD152e11210550c3e4eCe6EeCc7d,86
0x36c58B702A24E79789ff36A624b9349D87064D19,86
0xDDf6f4a4461bD75AFe539F0BB1f2D485aB0E5f89,86
0x389934Ba95ede02CD41528BeC8a56F8990D53Cb6,86
0x5b34FFe42745aa05D9551cAb29F2E8a45b7BF02E,86
0xb7E3B36AABF98D975Ee4118ce87283eB6daA9be2,86
0xaC9F2012adB7b48F478086c7617B6dD462288c85,86
0xaE4cD90ac1B3dEa15486B32Ce3eA7255EAd0d6c6,79
0xbA0D3Ce3EC3dE315877AA480D9453927d598C261,86
0xD94d7DCBcf5c7D72931Fe5f7B76841F92c4e918F,86
0xcb6594D24C3d029130E5C6066d8095295f393A20,86
0xc7e245d788E0393fA67D9cE04e6b7A0d839402C1,86
0xF3802FE9D520a665C69aFec87a3bc158f6dDEb44,86
0x377dD56EfF0650f0649B57281d3aE7926f572fa1,86
0x7EfD98f01A75Eba9E9E2e51abB94b74d0f03adFc,76
0x8a3279F39e260a003940396FaDFE83ef7440d38A,86
0xe833fA398c5770718D58fF7f6F91241576026D5D,76
0x0862E24aC84d081f77CD234B2905A3aF2F509927,86
0x4cFe367f0AB5c9b6dc2e1C86Dbd9b10f6eC27eeB,86
0xE4ADa78b21fa74efDF9eebefE9Fc66b2518555a5,86
0xa4c4cA19279AEDdd3Ce457FF235477642f0Bd36f,86
0x24f4A02b78ea57da5749B05Cc94A5f25c890BA23,86
0x8e2B7e59743793FCeCcbD59D6a9188794c38E110,86
0x10386A8F48B3CE22bC5a34CFfF2Aae7d373552Cf,86
0x41516305cceE7e85bF83Aa04Db24B29A9Ca7cc4A,86
0x47D5Acb7ab0C510109eE86f9E5C1f85F15bA6B97,86
0x7445735ad331E3E9D1EFA057Fdf17A1456AcFd60,86
0xB0770aaf6A2018b1B2D800A6bAdb6Ce9049fD1A8,86
0x160146211c0628AB6588053934b42c3B2E69F167,62
0x3117B392398176B0d02F5e0FC8348dB31ea8E9E3,86
0xDC52509b405c52BBBF5b088C02f1C04d9926D48C,86
0xd8abeCca4d1431Eb76e3f7d6A018338Fae53166b,86
0x5a90217e078b9c8140Ea9B72105279A359D6253C,66
0x9CEdB20c8Fd113c2eCC2c1C23406543941BdCe58,86
0xc97d02ae2481aE805aF47feBda76Be42F19A9Bc5,86
0xF88353e6B33d1F9f6f325dbCBB697DDd0bE3bD5C,86
0xbaeD54154F2C44d13531AE4dd438F8EC0F13baDc,69
0x175B38b1b75be968be876dD552F2CbEC9c9C9211,72
0x0ab1Df78E05eb55f841d3A960b8c1459c3613089,86
0x360780F674BbA7d49BAA8A8B9Be984Ef4a60be74,86
0xB1a7262D29eE4fDd2524c245B2f9594E97347229,86
0xaE2E6b3DaA313B685a509f7052A8D6E5f8de4345,76
0xCfd50E12Cca2dca523DF689249ecb5Ed6ee7a015,86
0xA93F416E8452b131A3B5F235Be8790af2B3Fec57,69
0x3245FdD2660e396F0c0019b051b351898705Fe80,86
0x86Ae33E8Ff7a7f780D60347DCA4f2BEA0191E4e0,86
0x107bE9270e64aCCfEE90118A34636AB8168B99e9,86
0xDea4ff318aAC9c83C78f6afbA7b3ff29632a02d8,86
0x52E2a414c65Bd8ea41b6C5B5276eD9452ecaD088,86
0xD88fb7351530a1AC31ACC6b67931ae4467aA13C7,86
0xC903f6B05916AEaE53ff11CE0C2Efe22dB6Db48F,86
0x64b6bc8CDE492cD82ffA1E5Ab6fa4419299FBfA5,86
0xbC0345501ac7Ddd9Bdb4FE8803082A061A9C6182,86
0x35063502261a6aE919B91efBB569252A3628f5c9,86
0x8E611A7C047DcCCe380fEB8fAc806BFa361c6ddf,86
0x2A7DAd125e85158fFFafc476D7751C538f774217,86
0x0f6338c9f657Ab2e26b56C3414dF7AfE9878ab7D,86
0xAb828c55d89281A87515d8BADdf7C544CD035685,79
0x9EC5Cfa607b2a117949Cf24cBF4339905b970399,86
0xf8292dD277322BD95fb51E46c181AF1E19C27759,86
0xaa401210487D6f6C39c2bfEE263E78DF42B9E4e4,86
0x2833f27D745cc50b53b83C7C113CC5fF1e5Fe52B,86
0x12Fe20De6b441F18BA9a3C9A7A78C9BD16723E8d,86
0xdED7b431bEa1CC4EB94fa7901f56dF880D12c709,86
0x11c5608a1163DC510554C3Fe94BE849108785f70,86
0x887CF6a29934dCDB8C33324BEF9CBA37490eeb1b,86
0x91FBBA51203E88D3657EE1a307bE20CeF2047e2f,86
0xFEa6dD2EAc110a526c04b9011aa3E3D3D1f0cF01,86
0x3c9fac6010A0bF629942bc5f9C5427f63d63a299,86
0xD12353B114F128Cb43b2D967c6564355cAc02355,86
0xaF6b6b51e9A65d0d55A1A8406801bc8AADA127c7,86
0xeef7ef5b468702F85D611B010476FC38539de28E,86
0x6100dD7880882eEa71533bc8e0954e69D2C3bE7e,86
0xFA13c8D5EDf294F5f654C17700AD524196DE75E5,86
0x6305cd31de5080d1FA31B92aD89c29620a415A83,79
0xcb5c0EdF47073420A6D467Ed5301c5D90e1B18fe,86
0xC7Cf693605EAbE41E7949480F0202c4131868A38,86
0xcAd7C42f77fcb8Df460302504Ea6E7ebBD068C8E,86
0x91950734816F3Bc82f9e7E163fd10cDf835A3b6B,86
0x4A99861962b9d489d763c7cefBa5AFC0B7bd09C2,86
0x75D2a864Dbd9b18C136A220aF20D9700a7E41bbe,86
0x6921558158De4D376cf1e4F4839912EDA6FEd6e4,86
0xB684044A17d6c10A581A29Be287Ab1b000d841e3,86
0x648eD72a66dCBa1d590C99Cb0D01DA2cA0e851BD,86
0x924fbA6D4A2C005f7a94dAE60fB4B144621bDc2E,86
0xe03142bB816d285E0800fF210D3b4AFD6e387D35,86
0x4f28AB49bAee0DBbb0FF9D23B091611f6017a59C,86
0xE8583695Fa33DfBB2c3799A947a3BE221029494D,86
0x381d350737a7f0836C3422891E2fc44758Cf1060,86
0x5f98499af5F076DD80506a3CD3Be05405c8dCd84,86
0xB0d6DCda9a718feBC6eD8Eb4993E58F93182579e,86
0xd88b63cCcB21Bd8562839FECa3877CC234E2645d,86
0xC8f26e67098Db7611E4F995476DB0B9A979fd7AC,86
0x355b796c5786f47C33445a385954DA162E64118e,86
0x35577ADB84f16ABE992665e71a65b6F30e0F3F8E,86
0x767bFf4fD7fCBc5007145a2d0A74479D8c58aab8,86
0x320B0C41FB0AB7CED5Cf7F15AA47BEA3434c5C8d,86
0x616f93AcC2c2CA252244249e5084e9DAC06C9de7,86
0xB2BddeEb907797F9be51E3f9f75824f83cD71B67,79
0x62499c3e90e932629f3Cf7880bFAe5F62581A6cd,86
0xB85611FC04bec0dbC7978EBF774d94Ed235b092B,86
0x61F757358406e7b2eEaf646f7e8dd6c1a1c68199,86
0xa6EeD520DC2b62Ee4411b1a7d40C6089EF624470,86
0x87a9907590207cE9EcF3c41B36EA4550F5613512,86
0x6B9584206632FfAaA0EC80587b85c6603550b6f7,86
0x267a0b63D6346Ad078DD764bCC24CC2F14fbCf91,86
0x8612d7D41037022c0698eE71C4cF39026577EF71,86
0xe52b09f3418a6301F4f7428b0463f3966069AFb4,86
0xcd0dA439322C2829a8375df9f67F4D9253977Dcc,86
0xE09A2E2282A4768aD72b196b06832194ebE69cDa,86
0xAA03C3A8664F797E9Fb19B9D5edeC756CB711c6b,86
0x300e5Ed3CBd29154De096221AC2E547718575dfb,86
0xf060928A6cdD11f751D12ec459199678c11aCb4b,86
0xC2c31E014Cb87B71dA098F5716f4FabF4bA93c67,86
0x7c041e1CB4F7dCeFD16A012a9b16deE8F15feAd0,86
0xF79131Db718A1b6654C014051Ba88227e24CB1Ad,86
0xB7529e0789E670a1E23a4dFF9a374B3beB62D89f,86
0x49C993167DCC284a14D5eD93428B9613863bF199,86
0x57F58d83d7295c2458d2BE6BDd0125C642100F95,86
0x966f8f32f9B1Dd57800935eF1eD7f808D5856694,86
0x3057315772e0c5B487a2205a98dbc6D0FaC3A842,86
0x9eC945A25AbA29B170c3ee9f5e8dC35836C3352A,86
0x62a336C6a746ccc959e3B624381Cd5C5bc4e515B,79
0xA48f2b0e462effe380cBe5204AeBDcADA2C02d90,86
0x2E614C1683500427AEf166fF5706930d11A23dAF,86
0xfd0e84bCE465eCBebD283d5521052d724D4E7DD4,86
0x68ed49A3A75a67f86a8cFec78587303BC487eA89,86
0x6579AAc2C8E080a961B279087919Da3813eFA12a,86
0xd23Ab0D5304F61cb94E59F17c321eB8609eCea26,76
0xA25a0B64e38122f347077dEae6F33E73dE890fF4,86
0xe0fdF43392c7D6AB8322B57BD2DAEBfc637f6367,86
0x02e45336199D39bee014d01a1BFf9850A903Fa06,86
0x8C040370bc90484CD0D1AE27ea46A750fCb2f693,76
0xDC6B23621dcc2483Ac7fbEB1524aB843ACb51A64,86
0x953548E969B234d0Bdd21893f4dC76293Da345ea,86
0xdac8d17DEeEa8907FA4997bEbb907B551D0606e7,86
0xb70595045ccf1fa5ed40b427b767AE7766540AA5,86
0xC5aFc3a0F462C5a387393421b6A253204a3Be8D2,86
0x13C29576526fCda8fa08453755D5b433377Df409,86
0xCCeA641774De326Bd29e7272d5a10c1535af4CFc,86
0xBD35Ef6C73A03b50b39F0D88de3d9955b7044f88,66
0x0713d9aa15De6d1dF7e35a9F82c14C785c53Cc26,76
0xA149711FC5f72FD06BCDc877251Be09DF82e6D9f,86
0x52f5286f76755Cf1d63D7869296473D038036f22,86
0xcC539270e65f88C2B3798c4e827610cf1fB89574,76
0xDD6babfA8e7A6a447b5F47a21Ef4438cbAc1b9C6,86
0x57E1AA447734Ea5C8A0c01749aeac913Ba98bC59,69
0x3D9b6d7259BD85B2300fcfd6e9841D73d6CF53a3,86
0xec844E8bb44936e256A3F3f2eebc3F93dE0923c3,86
0x856dc4a12f08afa49f42b52f81769a96505f312c,66
0x7FDE8C65D7eb31b89912FD0ac4FFbB38D493C0Eb,86
0xa525d734Da3BF6dd94172Cfe7C4CA9DDa58F9F7D,76
0x10833709E91eD5CAd88967F1364aB88B712FD32d,76
0x3B366343Ad5f7a872403d2b88996BEd71C07c5D9,86
0x79d9b04f053974Fc29e90c3A9a4178fDD46C43d5,76
0xB4dEdeb66b6d08b81727DDc73c4Cc30fc1D59492,69
0x544317B690f2b51bf209ea439EEcE19925093F61,86
0x0cccF3Eca6a294d3E3311C05e25Cd9355c27a4EB,76
0x597ff52695CB417041aa18196617ecF4670261Ff,86
0x7c323d4ABd534A2FfE27465a53f1200fba17f247,86
0x2d58E5e7380b801A0Af9C133890981C5EdE5f248,66
0x47aF8debA1c0A14a4233d1440d310900378f18d6,86
0x9A504628933359447c9E1944E960fD670295Aa47,86
0xa321AdEfA7DB492CdF0DAC3714f2759b33B94600,86
0x98A94c07BCcE6728cA35F6d90D3653805520f6D4,86
0xdF3FE0f566EaceE25A6c0dE85c1f5cBc19AA3b34,86
0xaae2DFf59A13EB924841699Af6fa0421393e7116,86
0x9481d26FEbC03c0585AE3F64B730dD11fCd24A14,86
0x90993719f034651B7D8e754D765671BeFb1b624a,86
0x201793c91A0ac7b0F23664009F1A96d1B382E71E,86
0xc15d7ef92A7BCDA3D64B1465947bD446d671EBB3,86
0x53F7308b7581b69ad2eC04Ef651247E625A36698,86
0x9921aC197c81De5bbc4Bf71D8eaBa88B4f245796,86
0xe74e40621077026333E82476d01D3A4644304836,79
0xfF993ac38A6eCf53572964eD747A16964a17c1F3,86
0x3D84d9Da3eA8f42A10C3d8472Cfc7c35C516C4ec,86
0x31EA22DA62A772eb137E03b6b7892b5A7Cc3fB2d,86
0x46306a12C1b7b27D64A059b666F71d8c984B0B85,69
0x66B5a49291a129d90502FbdD62cd20D754F6Ef2a,86
0x0C7CdEe7F65F2be9D3d241A8CaF43fD2773E263B,76
0x1e25AF449AF3A8a37B66367869ca7002036E98BA,76
0x546BdcD0dd50222A88150f587d915F943Be85615,86
0xfe7Efdf5ff55057581d9593bA841328e34188124,62
0x2b34f8377FB0267A0dc12c28bF79C2e874b51a84,66
0xda6BE206994510F65Fd6b2A5855977519c41fA3C,86
0x062132D1FEc4fdC336b44c8B82A8d688F92ADD8c,76
0x0434930B2D00B4661feCFFa1a6b715e9b0F9d4b8,86
0xcdD6ea49314AcC324aeA8bE349938477C66964CB,76
0xf5CA0B39CCeF7e5AEe7A95E50273e5e589A4F3b0,86
0x92ed2681e2ac583854B466ed65b85c8Ee31a6D08,86
0xDCb13AE825A006Ddb688504Bab63DCF1eD5aa27a,86
0xB6AD5dA7E941254805E589435f5F8f7327baE2e8,86
0xE103A6e98867f56C35ABa038E630700D8A305f1C,86
0x4a81D0a449d0b2109DaB89f418481C3A9dF38C18,86
0x0cCE50B9c0A19B29633142F37B941751e513B91a,86
0x5dc82655344f78aF2172bF04F4fb7caFC9d04CA2,86
0x4b3C72960b94c1ce45D799128842C41d8Af3a20D,86
0xb1eFC9Ba31532fAE9e004E7E2311Fc98cbdfA770,86
0x61cc0e1BA219f11B1dE3E94DcdB958804eC3cd78,86
0x7eE2d661dC2e686644cA96D4009f1ebf4fA56A45,86
0x52C34872a9e1d22b4F54D3969F920C4BF1E06088,79
0x5F80E468ebc7866dc27c62F9877daE52d997dA53,86
0x7a077C67eD5BAfa744c71381D85A8d9f225247d8,86
0x59DEC94443bE261474d764C2Fa0148CFafD5fA63,86
0x708E648f5B2FB3B20C521F8f2e19F89bEeE714bD,76
0x78A60DBDbb8f80837fc910fC8f0BB2235Ec2b6aA,79
0x13dCFA3C2F32CB5D75FF0904EE897Cb6539D5de7,76
0x40002C2dd52DA0d1CF5aba23B7397aD3b5b273e1,76
0x389E816b77E8c3e0f49772812dA003791A509D02,86
0x506ac1D1bD4e32F4Ed85D1DF33d267E06533dC67,86
0x1643a33CF04c006736867304cbf9f862708546dA,76
0xdb2E9F0F51D755A52a868630A3A9c9038cAceeB6,86
0xbEcB1075a71BEB3448F271fEB2cc2Fc37356e1BE,86
0xc013122EF9df0e92c7654878908C47F63A77C247,86
0xD70ef44482143BfE50F4bFC5Ef17d66DF0E21008,79
0xA028c7AcbeA479aDF89e28372cf00bFc7a620627,86
0x5a756d9C7cAA740E0342f755fa8Ad32e6F83726b,86
0x334c5B9f732174Caa4B7A67d2178b7E74a527003,86
0x1ccb144B700EC726d37Db38c617E154De6d9c0d0,69
0xeA5EfA5362F2C1e9F771563f008354dCf202BBC2,66
0x40633915B415EEC1339EB5cb8f03e49bcC488E61,86
0xbEfCa22295520D4FF9031bD5C9bFfB26Cb87c8dc,86
0xC55d35AF6A5ff6299EF3fb8632BBaC6cce17DC8b,86
0x62a2f5e9f3dA9C3A1A63ed695C3c21057A067Cf0,79
0xAFAD93492b75CDfb3E685c09966aA8ee6Ad872c4,86
0xCA81BD85cba3742068559bC912B2ACDc425D052c,76
0x02Fb763A0454a54B3ffd02427f54340B42FE8e7c,86
0x0a4de625aa7624dd72cb09a41a6e52fce1993310,62
0xC512718f304dcb48126ed7Fa76EDde2B355D49Cf,86
0x2b02A522EcCc2494F5C2EfBC56DBa4EAce5ba7ff,86
0xe0a755e8414806E06090e1f7859AB1379c7Ff494,86
0x2481E59a934369cE3C86F019B2bd845DD478158e,86
0xf416A2b4394B2D9948423075f18235f13cF1f70b,86
0x23A719a16B5Db2CcfDC4650273EE7e9C42af45bf,86
0x2b00953d8cB86Bac70ED9aB80fFE10766873A3aF,86
0xf7e442AE668656d6DfA51b2e795E701D04442977,86
0x83FDF27AfE3b5A62410b1e4120f7701424bc938E,86
0x0A7948c47EBb09b31c2DAF291540959F884a4f41,86
0x7822E7863C9CA7cf1c3854e068a81DBDabe1Fae1,86
0x2f5E5B638Aea1F5BB1C767f53D27aB7A9BD202FE,86
0xb7FA46bd0Ae3EE01C5b4d17ca3723dE061C988Bc,86
0x16129d015DeBE49aA6F8e6be2F75e490c96d746A,86
0x63D120169F6a7Fd753031A8d4F72bA5663f9d85f,86
0xc3df14cfD6398E404676690CF4C945ACFC7E5Bf8,86
0xb87db656854B9BF4157652e63033C75F00B1D8Ce,86
0x4dA96c55262912a373Bc99480751156a7024A67c,86
0xA6162A2335d85cCb9658d1eD572Fdf4DeE6B2f36,86
0x3d269D5de0dB21DD1e7F8221506f8A189810eC94,86
0xeeB596eb2C060c049D85b7A7dD8CFE050C977EED,86
0xec561DD73346f761d1C09f46999bc8Ea1b1E95a2,86
0x2D11464F835e98888D18F0768E8fFAC7365a49ee,79
0x0b19eD4a89a6af8A267Ce3580B1f3c86C31A7dC5,86
0xaAd28d1c5a578abDaFE51f289602275900f09B2b,86
0x69d89F33E8A429eA88d83E5AB7B2129a3b94432a,86
0x3F99a173f5D2c78943d3aC5c2baCA76c2862B1ab,86
0x525b6B8FD4E237e3a29540b453E5C2166dD6947b,86
0x4733bAdE226ec18d393AA2E81923c2BAFeE39B2C,79
0xC6435654d49e5CC733033D7b80527f9991FE4a57,86
0xDe50b02c8Afe9bbdEbe691f835977d5f6265B470,86
0x017bfB915afD29996004330ee23656caB4039593,86
0x41104643dF82349d09288b0Db81e76f3a03E8075,86
0x733c1F2C5FE3778Bb3DF09B7dBF19618a0C9060D,79
0x306c4C0d6783EeF29fA05e0c250fa878272c29E7,86
0x278DA89639a08B88E92FdA7ae6c4DB27447a1c49,86
0xa495893ceB72AE222D1e34d2Dc1872B83c47D5fA,86
0x2C86cdeA711EA8c650c3939B4e7690EbB12D5fD2,86
0x3137291eCcdbB27E09a7C7137ea38076429A8193,86
0xbCc2689ce8a8ABb5724cf1852b7ecD5C76Cf806c,86
0x2fbF4cd746e122b4DA9d43c82d86e6F64e7CbF82,79
0x7B23060A680CDf6123434312b41bc471349D177c,86
0x8c0b2FF66Ffc5D76D063C02e77282d7FAcbD3A54,86
0x2B1C5D0031Dcc875c9ecdAE0D8B41dC7e53b3DDD,86
0x4f4D109BaDf329FC1d3d1538acb734d463cEe660,86
0xD95aB6643DBE67929635c8f643257C3a7a0b7809,86
0x3aDF179A659106D75aBc5157A9a92136CBD81705,86
0xA2A79F6F6E4E29251c154Ad569Cd8E0c6428A6BB,86
0x896002E29FE4CDa28A3ae139b0bf7bAc26B33a8C,86
0xF7B2eFca7084aaA3e5414145416d5adeC47E291E,86
0x362cf0C258973d56f5A3C04671b1579E11c2B0c5,86
0x7D1e8e410Cf2a98903AF23E92C62f3472b101413,86
0x41b3884387633A898dCE8a45F20ea108326B4bc9,86
0xf72cf3Cdc92a2c714EEF8c80954E4Bb339b19235,86
0x52BA31A08C0f990972609c845f21d887099bb3A2,86
0x1CDc9B49c438c8cCa3586EfdA4aac67d18813C30,86
0xd8e25653A2f7e246A8C0e4c76B2467112ABDe835,86
0x42acf5773Af88b0e49f413E10edF9bcEf93C3805,86
0x38CB344DfBD1E533CA36460df23705F95a0F0CeE,79
0xb0E604B121816B1dA2Fe26DDbF520aAbb3d2122f,86
0xC166a680Cb410a6d6bebDA0579210a3142D3f17c,86
0x92af68f067d029B207D4A8005B5091772618507a,76
0xb5d120a536950e550bb542c70BD8931C36BC7A90,79
0x9f7e2b24B4db46617EC5082613f1B9331855A023,86
0xaf2e69Bd022d9E8b9ba73dd74b1259De03311b92,86
0xe6Ee33417c8F71d31bAf9E26CCB525992cbEF362,79
0xfbBaC6840CD7BEb0BdF829164c1CABE45737E851,86
0x722246643C7bB3d15ccef7e72fc5f90E53b9F457,86
0x495A4cdc301f982b2E682dF869E2F1A0A1A4f15a,86
0x9E5A7fDbf59aD4B244BD980b9fF7eAcd06a3B305,86
0x4452c8B710eC305719D0bF7B58Ce36cebCC46fA6,86
0x5f754F82313A2Db683470b413b59Ac42222F8588,86
0x7E257879922C1065E13dBeB6ef3a1e29bCa61316,86
0x00865e638C0cc9fAfBD167eC2131689E5D08BAF2,86
0xf656970A1994C211aCdA565b8Fa85F045acA3E4d,86
0xD195a2A5Fc5d52B55F2a0C27435c13CdC54a8772,86
0xFa79AA66b440C1264B53b6cC74626981bEbdc315,86
0xB6bd1b9b3e6e3512BB354789289f6d8FBc0F65BC,76
0x4Da2c1C8db3Bf42f05455E9269147C5a27ce23Aa,86
0x5b8848810d2125b6303f041385C8018b4d4877EC,86
0xB1E6Cf9f87a0CDc408E83d81602da27F0DCB6636,86
0x99d6d24012361620Bfa1a3f16d4e745066fC7c69,86
0x8F70F795CA5ca5cF8fFc2E9d1B8B621c2420DF8d,86
0xf9fed4b7a8A6B410fB6B1d76459b66D05c613E49,86
0x642d38840ebFDA55911F83B1Cf8b5FCB1D5fce36,86
0x6b5adD7111100eFA6aeEE0e1bA676b6218eCABDA,86
0xc2cA5A5430589C7a002dED8FA5AE0C69e3B60978,79
0x721C7ffFe9aC426A028e616677811F755Fa99EbA,86
0xB57e4600ec664108cD33B2ad0B2e32dCae9BCC06,86
0xa070111B46B22b1E68428b0c5118a265f3f70533,86
0xBdb6A89163FAD4Ca99097a1fEDBA2c070da979b0,86
0xe78B2eB4CB8aa04e2Acff245a61b172f687539a9,86
0x05a212578Ef4b5D5F1cbea0f42334C3e01B684cA,86
0x94443aEd6c67c4201e7eb46AdE63d5Cc40eB7fB9,79
0xb21515E7ef95e6EC374091fB24ABBAE31E9675e5,86
0xEBefA67c8e68c9573d4F1933FFEaB17182284EC1,86
0x0aF2f3d482001C5199701bfc4Cb63Fc775D6F689,76
0x18703914393336fE11c317a1187967401FcB6bff,76
0x24174fD426a8BeeE90b78169A4B00D1A2D3E571C,76
0xa036634Dc5195A6cbf95cA216C3417Bf7Cf87958,86
0x9D3a57D17A4C45F17fC0814a4295F5452745764E,69
0x80211e601De493D681bF141931d7436ab4B542e6,76
0x5246ec44bBE84372709dCAd5bc6310c1D387054f,69
0x7AD5399626cF8f799C32A1ef54268e5b630A51a8,76
0x696D181A7961EE66C42f1EBeDDc0B48B106C45ad,86
0xe9f7AFd900Ce5D3D8D88d76b9B090e636180a624,86
0xd7a03c067fCF4da0ADAb281E0E223E72E0AfC4F1,69
0xAa1Ad4784c1f3099447d85E97aa551614bcf601C,86
0x28b536a579E16b647f14A7C54f97ADC0f594B475,76
0x97D4172c40Dfd583E5f08ec43C61407d5C2d0EE8,76
0xFf297519221B9afBc39D653Ded7A6A13f49c1627,76
0xC3b2110183620986132ebC58d5538EaE6Ba8C9E5,86
0x6A9A73aA1e0D0F95aaFC7615774C979393621A97,86
0xFbF03Cc8c4998aDb556680A98C8bbb0e454107C5,86
0xb5C1213EE9ddf312c98F6e94caF5c421C86AbfF3,86
0x1000ac8D491985734688a99Da2599C333599FAE2,86
0xC0777d76646fE700A417602eaDf3477d80408AdA,86
0x39480bd4566496ea4F283AF164f8c3eEC563d70B,86
0x2342CBa9225a8c63EbB0C05E58B2b42a6AA49796,86
0xa5B77E2a7b96CC7a459986Acf72950EB855a9e73,86
0x754A7717B547E081Db7917ca5a324B11f3A3eC14,86
0x1CD49bdF1F59305D5AE3C336fC20F1526705070D,86
0x39e8Acb3Fa9C3969B626dDF413C1D76594eE4C35,86
0x0a8b1A9672070194DecB0f66E047f988948a2F58,86
0xa78e0Ca0CEb2090B572B568B2122A277A78eBDb5,62
0x6465f6e00E2Ba01EcEc2BF6f971183F7c2F40067,86
0x0C07866C53976662CF821Ab3f748Ab7b51C6233b,86
0xcD75942b66C1a82d7e04f65A34cE7f93791fA8A8,86
0x3570407392DD6d442589e7FFa58657c07f9C5a30,86
0x335D2d954CEc61Cb4673780300d890340A29Dd99,86
0x23C5019d210Af9F641C30F5086f8C73Aa01731d9,86
0x91F7C7dC5a44276482c102178fe1d620B397c276,79
0xaBB00bF79b1451de3cb93b893E76D1cc5bF41151,86
0xcd5C1BB777C937d993bC5E16E48B1669bEcc77aa,86
0x76967322893Cef3E8efa713dAf1Dc8347e081083,86
0x4C2E409B592b5a888ABF053D085Ae4b7160794F9,86
0x5d12d386B94C6712ddF6Db4B140055e361E7Ae3e,86
0xee68C1038C8D448fb02b025cF084968969795334,86
0xe636c37c8161d1097090534E294CABae78dcdcA3,86
0xB8A9C37240E8B72F42a88f1099E6c61DC3e96756,86
0x948a1820644b6a8126f5C8669431cD3C88Ff961A,79
0x98A7B7BB3166e443165D345caFF90aDed836F2A9,79
0x45E81cF357f3F66A295e8A85e60832810801c660,86
0x0C49bd1Aa1f54fce000D7bBbcF60D5421C3538Ea,86
0x858C5a5ddda4104d6efd731CfEf790EDcFf87841,86
0xAA0fFF17a9Bc0c9724f153195f629A98064d9e10,86
0x8940d62A7893DDde301f3e1C24F10dCbbdED2A9B,86
0xa776928bA3452Bc0fF92B1781f903f451902A08d,86
0x74A4085839F18C19D6ce6af367b4Bc458aeC350C,86
0x3Ab065459647E8F1abe471105B76d3a676bd3e76,76
0xFa18743f907ffe9BFF1a021b617e5134A4693390,86
0xA2FbcEfA58D2Fa7a96838Eef4e8b76c4a6AFe73C,86
0x26C35CF6A0Ed1a821B25767548E16f324A3e2622,86
0x51BFa1C800fAa110086150a33c837082C7C3c306,79
0x8420818ee975a76C47A21e135c14C57A681d8254,86
0x1a0d5bcfebBd5Ff09e50cCeF54C139d1F79eA13c,86
0xA8957eeba15f143087894efa54742964A5013cc1,86
0x655C7fE8aE57F6077e1C10dBdf900d27fB39Efd5,86
0x91558822E47BcB5d2AA6fe5b87B8653BAd331F50,86
0x7DfF758f8ACdF222D458da5131efD1c4C856425e,76
0x9E63bd98d4fE7c01288A9Da72F9e4AAa4203aaD4,86
0xA65Db2659590EBaf35cC10A7191E0c6f6d75fA69,76
0x410023d866dAA0Aed1F4F6Fb94601Cd3524cCbc0,86
0xcf0Fb4D249b8C2F17dd805aC2b6F28fFC3D0049C,86
0x6E9870514C87be4d28ffEd4cfe8EA87FAc7Da9E1,86
0x5FaB6ed947d488662bB56398a4914E2fd8815A1e,69
0xCE876052C947F784863bcEbc79cE480b31B8e0c3,86
0x812738f2ED52EECE816B40D9dCb78e6F992C3c71,86
0xec596353eA2e41a66ACD3e0353a1c8333c732D98,86
0x22b7d4adD0334F0880e897A735D76DEb3CdCD45E,86
0x378E156418c81f3A6A4d928986e935F7E1aEdaf2,79
0x05Ad0E7FcFe7e9aA3637245df2532328d6Dba3D0,86
0x298b067f9F0575d84DDA51cA3C86415E2721e885,86
0x6A7Fb1B84BE70186DA4B77fF805d9B71E29dD432,86
0x7cA9212b3B9640Dcbe866f86b8601E5Beb666648,86
0x5716f560E0a89Ae3Fe0Cf8A9aF334D5c28504566,86
0xCD2404d2ec2AFe03FF725eA107852D879f37621c,86
0xbDD3fF9DE4f23384D1Fa25b9B69428cC97bB191c,86
0x77E324C54391CF6cb8ad9bbCe0F6416FeF121af1,86
0xa6fF266Ebbb07Df4a81dbE52EF4cFDFb7f941cF3,86
0xD21ED260F5A22c916a4D468CfF852f7d6cE3fE11,86
0x2f0A0a0c0D39b2a97901600c410D6e41C821b087,86
0xd593be58397DcF6E558d5818fFc358739Dc8063C,86
0xA7F1b57aDF829Fd6C3D8220F5BdFB03965B2961F,76
0xFf33517c9C5Cd3F6050372671d62e2ca0d4319fc,86
0x9dd57bEe5C09c4A3D7b4be267505CabB89c876Fa,69
0x780f3308b5eeef72135f2843a90fe64cc0698fbb,86
0xe92Da269bbF46e3C5F194Dc65a1f59b09b793a10,86
0x8E1700E063D4341930C0D071C168D17E506caca9,86
0xBf197ed412DC301867F3c6C82e80024348d0d67E,86
0xA2188A2D67Fb39E386deF087F43b9407aABe5C0e,62
0x19cf388796C31fa7a583270d82659EcD2b4fd490,86
0xe7C2D8607457438cC76Ca57fe5de133c65530B91,79
0x454a5a7f6377c4ecb73492e25e3c9bccfc1f3aee,86
0x7853Eabb6cFa980eBfD27e3F77e69590EA53c0b7,62
0xfe5539cFf8b100B562FA804a1FDE665a1de1E868,72
0x2Cab1a4bA3eEE73D1B2B599534fA44CD23c440BB,69
0xF603AfF11258e65BCa440ADbfcb7305e2Df3Ac48,86
0x33e20624b403E2a7a278FF17168F86729669976e,72
0x1d8b69Dd3C1b17e77304B59A1d66Fd2161cAcd0C,72
0x2b3990B105314339b2dFA8296715024F7693Bf49,76
0x7fe65D99a0998Cdba8e1f749303a467dcf87e815,62
0x992F758b8fd191BaAc6d780501E885dB51745aBC,69
0x753e1D9370E5d0147f69183503FBcdC9688D1b09,86
0x7c9160bed669c25BC075e44E04da2b41B9E23bbE,86
0x99a4899197774F456e02224f40feb4afE2B54623,86
0xeeAED856ed3bd97Ff2241776376A76E584ead0B2,86
0xCB8f9A050112aD6B910771eF629d027Ba2BfDa3C,86
0x9feF4211ccd9fF8fcBF016e2882ce96F1eb31cac,86
0x0F392D8311eD397721B5D6994526dcb636C23232,86
0xe98a3Ce19d3375544546AC4bd77bBF4646cBb9a8,72
0xFe3774aa5fC9048C47892b4f844fa08f83432863,86
0x0F60AF9A3fA32C5Fb3758f0eA3dDA3c225E6FbbA,79
0x7947Cd892AbFD63628418bC2CB052D8F75542550,86
0x6e1aef243B0931f9ec5240f515D366F3FD3b86d7,86
0x6f0D5afB1Eba1A13A3BB0aE4156125f4297da2c3,86
0xA410FB6C7d2F4158c0e9CBC704a3e3818D3B5dFd,86
0x0B8C67e579F272E4A44bF91E508243E76F25eB81,86
0x3244c8E4F651d771aa0Ca807ECc3DD29854252BC,79
0x35BeEbb2Bb05698aFBF0466f1043Dd9401F6FDe4,86
0xC63b6fde42EC50b1aeD1ADcE6f2C60f38779626e,86
0x132C6656cD0331Fc3712C27400Aa1a07715269F8,79
0x51160433D07D3A205a4CE68ca0A930574C81438b,86
0x655C24C7410145a9CA2d200fd752C12200B55071,86
0x20805FbB69C5b0d5E72192Ceb4E9102417b627BD,79
0x7c937Cb20B6d161C42110AE5C29DE6d1A5dde152,86
0x86502722a58a6eef78590f96f08883091C82ccCc,86
0xe77B6F51f3404dB60a1d1E540ea5FC7679480F53,79
0xbf654B716Ab78a8F53065FF899D136b1EFF03da8,86
0x23A580B098382f7Bd1e410C8cB7531a67AaDbf93,86
0xF81D02a2797AfD51C71225B07076f87b29bCa025,79
0x5A87D188D01871592Bcb88A3AEd7d5b2c0Ecd92D,86
0x819ff55711E994F95B0c34D4ED2254bDB3f20b4c,86
0xA766Cf17232aE3a500164323c39640FB14519a13,79
0x73E805561F7B5b562F03CCA9e74Be78EF7763D46,86
0x0450ad91F63497c1ba05B9f97e9F8e33a3fD4029,86
0x4C0534A0Bf5A9F540Ca56D385C49393f2C9E049E,86
0xf65EDCb3B229bCE3c1909C60dDd0885F610D97BC,79
0x740d9AbC686644Fe362B4f0c94B59A4e663b3d8B,86
0xd523D897dDc892C3088fe7e46eAD01f49cCAeD5F,86
0x0cf08027Fd7c836608e0C55dff6319b9AD0B798f,76
0xF1a924413c055c20323D1c6d66e01E3f4a343fc2,79
0x601091af1314491f4E3088f8f0FfF80D31Fb0E1e,86
0x23c14E77e980e8D90851c72678ec5f4255aF7874,69
0x3F7F0804AD794d83c0067c57bD89AdC9f4322996,86
0xaA0E2C8a845333Da65F4db4fd181A81a3350f64D,86
0x175F4C90E1aE452dBBc429e9E1eBeEd23E376b32,86
0xF74709B52c0E108eCFE56fA364175A779d3C059A,86
0x30Aa4a5058c0E740A6FDE50c0E13badcA83c7470,86
0x6cFe9755269786F6681518c00BD22801f98f9e57,62
0xB0906e7Cd8A5D6E2ec6d82B34Fb29EC5a44b2cAa,72
0x60e4588104796cC66625F6b167E912D50e349c8c,86
0xA1e872D4e51C6f149E75F8E3a7fb7bB578383500,86
0x515aC782BF1bebe733F3DFDaACC90f01be862593,62
0x1E2781cEfD0bC6513EE89ECb03C2a71c8D442DC6,86
0xfD5ed0517dC218E5A1A595A1cEFE8019f8c07B96,76
0x0cC8Bfe6d675e8aE84244BdEcDCCd1B6E70ACe6a,86
0x869649Ad56cc8a2611A13aEDD714CBBB8d4577B0,79
0x20B2e86D545768305D9629176fad5C0764fabB42,86
0x3D2eeb4809417de7f8eCC884348a074CB7024770,86
0x4BF66323996f630f5AfA26D322A37De841A1A16f,86
0xF7cE5f7A13DEE8BA402FA750088e478DB1f2b4F4,86
0xc647500D4778e9B41FA4423c4264b7185952E741,86
0x92Ba268008eC5E02D48b9B0AA6969cf3B9b9347D,86
0x1815Eb802bC359e5a58cb9A1c19612F5620A2629,86
0xbD48B5051BB74030d23676058EF91e19B81E3F9F,86
0xB653CE2Ddc7D0cc1e8403D6387BA0C2C1B735fd5,79
0x2f7Dbf19C6901eCBF5b36f2c6667883fC533F8C6,86
0x93AEFF459DE79a37676f8e4849fE6a0A451d0B37,86
0x97b63BCa7B05C780F0C2c79e5d11aBCcF687C36E,86
0x84B9F51c2F08c1bb4dD5770D29b5474b267a13F5,76
0x1BdedC59Ea9267ce8a91746320A72FFF5362236F,86
0x8c7f29fC805F712E89D45929aF1491189C0369c3,79
0xf84a60e51dDA4B5b3ff366b27330F61565d9a6A1,86
0xB3Ce593115736dBcE82116419A9fc576c40f840B,86
0xc09f08Ca7F787eFf37F6b9A69AAd7858990fBd49,79
0xa76c20Fc7e986839b77e7fA14C4246186ccc4e5B,79
0xf16328b4E2a30cB3D07FA6c3B16f79d24a1770f6,86
0x84De3976F475FCEbF47F46Bd890972FC19661e55,86
0xfb7D844a6b032Ed3d14edA58752b6D34D9F0ca0a,86
0xf2C30ad602A641BdD01eC32bb9C3f7786352C314,86
0x9e596a18308096A9eCC4da5F9d0d34F6f3BDebfA,79
0xac1eF3351342e895e15B297E72dDEaF66aD26Ec0,79
0x817B1106cda1A14103458855FB52451c1F65380B,86
0x1Fec270a99d3Fe65156fe4cb3a1C3b548A4e239D,86
0xF8759f7F4762B49627E65B589C12dfCbb3BDE37F,86
0x18620a6884d29907ff2a237283e48A95De3cDD17,86
0xf727815695a394EE3b3aE388530feF70817d9029,86
0x281dE6Cb05aAC99F211f67be6106CFe03632beaf,86
0x69af78f5882a1456c3254a28466488d75A4741CA,86
0x85Dc165db5B228D2F62Fe3621Ab00cef0c0f680c,86
0x77d25848b2396250df5860ae566F7c341d81efac,86
0x36135656A70C0616935889dC94cc89651A19Ef02,86
0x7c94f4c3B5956762a99095E5d1bdF53161182C46,86
0xa110E333E6f78F4BaBa08E60C3DeC3f686b0c9C5,86
0x10bB27e8FFDea2a9462830D7c2C18Cb3194498A9,86
0x3bc5d06dA7afA130eCf6616Dc6F4588c98328981,86
0x3Ab033EE6cC512dd1aA111A6C52af2c99977aA24,79
0x262A8992cc3Dcae91D3461055d27684cCa39DEE8,86
0xf677eE3F8BBBe469B99f2250e50379222C31d025,86
0xfF2b24970393c12D2514cA93001a23FF3d51961e,86
0x9b89FB2fF23216aA51219B5DE053EF639A904D58,86
0x1EA84784F7833D0149D97E3A93865DA1fd90f3D6,86
0x50086F2C76fd8c9ae27Fb7B96aE89e6CcEFA2876,86
0xf262267A89Bfb4AEC25AFe23b8C5c982F8c67364,86
0xaB74F6c9974a48013d85ea3204A4BA2043e91874,86
0xDeA3C27f8FB7a9A4B7925874AE243493707E6745,86
0xffEbD44C42C826B6BCC62b41DE6db2AcC022B1Ac,86
0xF42aD66F4b66628584f2E97421A008d62A8f116c,69
0x57D23a76582F30B09106cED93efecf2EF718E187,86
0xC9f4a9EE0beA7b89bCB6e3e1F2e11C2d89699d7c,86
0xFfd19a068C66E54c57929886Aa35FA4CbF38695A,86
0xE767576dd90E22F423dA5377997e2B8aa22Efa61,86
0xbC7A47873BD32b728010b41DDfC926DE1B09BC5d,86
0x35E423b48d97Ca0f964fDDfAB11Cc43f3BE52792,86
0x0Fa12aA74Fd010Ba3b31847a229C59Ce720F5881,86
0x0d17C2e3FeD2c188C76fD6476981A9125cc888Af,86
0x405acb805dc43dacc310b1ca181a95760ca190f5,62
0xDfD7bcbe3e0086697701b0071b4E1d89B7D6296b,86
0xb92587d49EB9503a3538bad95727fBCA255B7d38,86
0x28f190b44Fa7269cF0327c41BdDeCf27ECb215bC,86
0x440B07b0F185D9CeE90C625F3904Ed6b6cB870c9,86
0x52Cef6d24C46e0Bc5792Fd0B32e0d581AE243F8B,86
0x9D6C39b4EC6dAE27C917c1Aec8A4CD0FC504Cd64,86
0x0464b2843E6170DE32F208C2BC48C3c69B28B5ab,86
0x288A0c97aBD92c69eD9BE472EF85b25C228817ae,86
0x9202A6CFe524d0F0ef57BB2248F02D4B13f99B3b,86
0xdb8d484c46ce6b0bd00f38a51b299eb129928ac0,76
0x55d3984ED7349D6A5000B8Cf8717E001E4EfF7D8,86
0xC89d41F86262EE5225836E837066fec940908293,86
0x24908dfD0CC30008370594b85B8c43B2611c0302,79
0xe826F1C06d5ae90E4C098459D1b7464a8dC604cA,62
0xDb5D099a6d2f2BC090Fcd258CC564861d552C387,86
0x21ee30f2DB2Daf7D61798c7043a2f02b66B56C7B,86
0x17F698A2Ff48068f72ed4f655DDFE1Ba854D3b27,69
0xE490F7e370920Fa749AB1a05273C32A5DB6E2120,86
0x482D8a09B8bf2078b6D0eBc2e876138c62101739,76
0x9A930486B8f6026fF1494AB120431a2bea4A829D,86
0xd2eC6Fb85782e5c5982743F66D293617803A2e0c,79
0x2572b493444F64b075E349c07497961c84b8CB5a,86
0xe952AF3ceB8df334A0Dc5919C819da95F1d439f7,86
0xB3a07D84B00AeAa79a2bAC3Cd196ab8A39A0c4e2,79
0xE800809E2F5791a27E025F5517AE007394FF567b,76
0x530F09ea449F3F84B74F42d5ea82aEcdb82F9613,86
0xE9930640f874F2CD76d779Fceba2396579B74Bbb,86
0x58B47Ec65D985eed84c369F1bAc7f054A2273018,86
0x4868AF93606111C508605774720345197329598e,79
0x94E70b76Ea709E33f2f41b35Be0f2F1D94cE799a,86
0x94Bc2FDD556F9c99DD93225DF3e400a3399289e8,86
0xc87A03441DCD685525a3e91a2Ba4577f16a7ec64,86
0x3A94BDd1Df8113da23fC5C5C247bF00AFB3AeC23,86
0x2245bE89Fc8faB94ed982e859Aa3212A4e4eB7e5,86
0xB215a5D06B7427Eb1E36b8e8095cF43E2AAc6c78,86
0x915B250bE5D919Dd24c223d4F9AbBe0294865D20,76
0x6550f16DF6f6e2824918DeE4a9a3d8497b84C96d,86
0xCdd35ad4aF88636C440C2B63ab86FD4F2481E64B,86
0xE3EFb2C543FfC5f3b5654b2C259d4cE7F1Ee9f7E,86
0xfb15339d187A76AF62698F73D700E1F8536f03BD,86
0xd2Ea42A69287a0A1Bacd9259FbBD61a5DB977248,86
0x107A6578AB250f79f9763Fc825E8d6cAB0D33C6A,86
0xc70804e0Ec03bcc6064a7339D0A341c454547437,86
0x6a3967fe9D18168Cf345a59c8d138866f7E0995c,86
0x919Dd27C4CE3d9F1ccd17D2B46A9B9960F0e0932,76
0x439b17C99A07D4879D177C8738D7Dd8fb9840450,86
0xbD23497f0BFf23FBeEA70Cd14D923Ed08c5e480F,76
0x88d1bE7045A62365c364918E221743a77CD155c3,86
0x0e133320823D27f0cc5A50F5a132A427E8D59D87,79
0xDA4023f9A8A876DB1E2E0d50257A24b86945648A,79
0x5960F820103dDcF94E87AAb26F9107B15005D078,86
0x415E44ad065c784348e59FE0EF1023aB47B8C441,86
0x798b0075f39Af20f87b5b1F88E27F1A41BE3f7A1,79
0x2593F04B6ccdfF9e745b372D44005a2F2712bEEE,76
0xDe363CeAb2668B8bf1A7A336790C5AcCE1cA64f3,79
0x5e46A8ecd4f4f0737ad7b7D243E767861885ed06,69
0x8c3247b8c6f71d6bbc779fd272b077e81201cea4,86
0x99C820E11D5ee26a55755f24F7B6cB55ea782136,79
0x8046B4c45eb79b2C4d884260C5538383fD98d8E7,86
0xbD44B08819677Bf96E2BC968A23A38b3F7332792,86
0x094Dc639f0c47B6Eca92936E142eCEA207b963E4,76
0x8E6596B029f95E28F7db67FC58B62128540AC57a,86
0x9C98309F87bDEd34D6fec2F800655392Aabeb807,86
0x7c7ecaB608b0CF22c36886CBC9584619b9Fc2E6e,86
0x9f0156A3AE118b3c3b530184291749495B42e653,86
0xc6Caa53c32c1005313Bd4925DDe2550609A03903,86
0xe2A0c326bcA2281ae053E01dBeB9e9d517e76C34,86
0xfE229129eb90d1128AdAb663860aEc7e4A5768ff,86
0xB77729E9C00a508351BD81f01657eB2DbAC247eA,86
0x7d61A4c0a32dd3327785f027608E17741777CFf7,86
0x8D4591cbbF128063c3dcecEAcba43eB375F362f4,86
0x685735bf639ddc27a56be48c27f97c536c6bee11,79
0x65470847F676c802dB62604A75F01182C205aA24,86
0x3b35690f4BdB3e99FEB9Eebbd6DF5486550E176f,86
0x3393ABD88E8c2848A7D2b12093579e4FeBe77D21,79
0xc2f5Ee3C4c73B3c37B2e5E35882062Ef8727108D,86
0x242C7bb2eF3027cb94567e365f12FA89eD518630,86
0xe72a6eAd227691C4582e7A72cB32369716d5Ce5E,72
0x5b0752e35b4d5e0Dd1558E98e5401C8e1bd35dfb,86
0xCb6dc48f65266524f8642ce27339D3Cb740158bC,86
0x9545E1fCe17533D2990d0e99e9950Cab7C3cd4b7,79
0x9DD458dEd7149D14a904622FCf1754472A8a31E5,86
0x0438464529E0765DC05A035ac2f9CdbE8DC6e660,79
0x1449a2b49cBEfF90257E3eF180B5ae7c748d73DF,86
0x5E136C69B741929cB90A8FF6B19Ee72F37Bae6c3,86
0xBdc3b9E80f603E92470631Cd58D7a95fF2DB3726,86
0xc9bd228D4e0298FD453484f3ff23A5aD5e1dc98e,79
0x402D130c64bcA6aeeDDDA244687bD6111B06b310,86
0x1F6E2fDC8D2F6e49DB48F6c1dD95f8d7c1061BFc,79
0x4d0eD99657DE8d48D23122570Ac77E7C0c9dd7e2,86
0xc9725Ddb3FfFc7690a894A726034aA9f83Cc4292,86
0x79e7798531ee999d6feab546a3e1b0caf8ff09fd,86
0x9ED930440be3D3bF3a24e8D64C48873D3CbecDd2,76
0x3746dd9bac8f25ecdf5ece087a9862a40e96e4b9,86
0x88dc0503ED9751d0346EBD2984735f3E79eCb0E0,86
0x7b719cd7317ea6DAede9142BaF8F1A2461813940,86
0x3E1E14a0D7f7044Ad3B6934d31837Ac0640EAF61,86
0x0A652656E9e407a52a4eA2840ACE0DFEB7daeb44,86
0x61D5856384685c12571e8B4581F54CC10746c852,86
0x199b3ba7C7d665BEDC10Af1a534940C6DC7C17b8,76
0x6986b5eEe55d8AD8917D12779FFa4DeEB563f73c,86
0x51b05c06e1079bABB010C3DB487634089045389A,86
0x5eA8cfE5c2335B1D6FF62d58483f400046327e19,86
0x381196947057D972F10c4c62BA5fEF88CC69B092,86
0xFA932250AAdbCEC6B54C43b916465c502821e801,86
0xee0B72007E5490a83D488679ff1Ab8A19DFe9aC2,86
0x23cE144aa082eb38778AfF2379FDBeDB9aE057eA,79
0x6C7Ee52160f77d34bf496C15D62A767FAfabe663,86
0xe9A60a6B612EBB9eFEE403F7499e1e9fc2C746E9,86
0x99AA53578a93DfC1C7ed10919b8913407e0de07C,86
0xa33F078b60bbc845fAb5bFD1Da63bB1FF5a709f8,86
0xCD8ed3438E441789b2521E4A91564b029F134caF,86
0x2001b5c393d64f4A1219a9F2D454d3aF83a2B81E,86
0xAF4858Ba6EdAf0C2121051C361eC8c898606185C,79
0xFde1Aafbe9aE16344Cf93e576dECA386CC07790A,86
0x79EfA9E8780F69011ecAB50e3fEA0424c2d7Ab57,86
0xab89C303e0f001FB5cd458f6295DC7575d7fb21a,86
0x16119DF74F1266d655BD390d1f3dE0c62aF6eEd6,86
0xfE99Fca87d895B245EE8da5C1B35088875882962,86
0xAC5fd8abBfb2efdB330f627d9d69D1C0909d6316,86
0x7652902F0E10Fb556e787FD5e39844804b878FeC,86
0x3A6701f6a0662C72847F3328b9Fa0b07f2a2A81c,86
0x0E4c1a972693beE18f0A82378e0E2f913769dED6,86
0xaCe228B6CE9082E94D8CeE81b1bb3fF7A84476b1,86
0x15aDc759d41BD8C4be7A33051d6308Ba33d61114,86
0x2fc9eDD71ABC030958Bd98D2F333dFd67d6dD875,86
0x43C4fF14DAe2Fbb389Dd94498C3D610A0c69a89d,76
0x5A551C736A323b2E9541Cb0c82242aB809C6Fa49,86
0xf133b16add084cb99a4915d589a2c43c475ba068,69
0x2806249f83F895E18dcBb4A8A42Fd4BfA69DB897,86
0xF4FdcDa9CEE09daaB9315cA793961D3768D48322,86
0x22d1B65F1df5E0edb6897c3C24dF4bE42B03EE1B,86
0x05f3C35012ab8bF99A80C85Bd6835d4b0d705c8D,86
0x604F943dFf36F4640A0795e017a23BDEd5fDa9C7,86
0x3CC0ddbBAFBB4390A0AB006612F837e62C6c10bd,86
0x22616E893F1ED8B62616E612366c55692412B7D0,86
0x1C56601A52061548fcEA4eF25efdAf1525a1d168,86
0xbB65c89249D67827551Fe768545a3da14AD7E853,86
0xCabB78d3062C9C6A8a336a060850402931630557,86
0x3A0fC2E068d811ab10C3260C7624D005C086454a,86
0x4030Abf9D1bfe2127538dB69AB0750B746eA23C1,86
0x8c1FB21B3F8612f436F10c8153b2E1463fE90700,86
0x9280869E671DbC81434B7aec7A828c310F9E4250,86
0x411248274174E3B582c9aEC792dfFB817A86da9C,86
0x41056846f49F3Bf90DBdD52c7C0074A2931D71B0,86
0xE371Aa26c2E147e7f729334D50c8B25Ecb7724F8,86
0x13E122c64e76358b6Fd760f633cd17291582ECD1,86
0x17bcAd358B2f520C227ba8Bb259c689b2cde57B2,86
0x45F6ff3fC39acB209D75b5933DEC9d23Cbfb21Fb,76
0x948679b9D306de66B7B13a44d149011dDC120092,86
0x81369E83778F98DFf29F4c99B8C0a423A2cF4fcB,86
0xfa95250f982563184E89C1158df2905e41bE7417,86
0x04DC61506B4acE697Ba2290aCCA3D067D677ad9a,86
0x90b46f3Dd8171DFB1337f1dAC0EB580994643A30,86
0x5F3c4bD2B4eE627A34C5C8ddeE88DdfFE730eC67,86
0xa2553214A70bc2A3085c45802F351536fD347B92,86
0x79839cBE8869A8df43CE221b08F471ACCBF125dc,86
0xBC4bEde6fAE83d2aD830d7aD5AB86a6c78466Cf4,79
0x066f72c4147C11f6cc0c871f589CEAfBfAD230F6,86
0x45d688DC0724a3EDc317dD612108a770aD85C518,76
0xeb449eC00F73860FDFA659fEB79005065351119f,86
0x98A656969B92F0882a0d4ff90d34fDfE6a9fb47f,86
0x11Bd3036BF3491924b11b4944276B1a8C924c455,86
0x1B1d023696015E40be026e1Fab12A9d64f4bc1b3,86
0x4b6F278bE7F7aB371d7dAA52997B458Ca90CcFFa,86
0x49Eb7671bF8898FF3c75E51dB6Ceae07443227AB,86
0x9bB07527e475bFFB5fb40D1ECb716297fE1A8E27,86
0xF41FAa2C6E16257C653aC2103602EB1e00Bc3567,86
0x015fC0f9A30B6353B6eA191D7c4bA6c8AADE92D7,86
0x60555B8a1f27679a3729e70e1AA6072494f87D5E,79
0xF676928EbF12Df8d51122156D7ACc839bb999a88,69
0xa2DEb339bcc07a2f7c7BF5466EAC087773a67864,86
0x09618e64878b8ABc8e46eBE5Be1da5AEC6542547,86
0x2168577Af945529fc223E3a2f6D55Cc68D8f294A,86
0xd0bB63e2c183DB414977Eaa6B547601e46E12ed4,69
0xAf4b67fDBe09451f55113F95D2fCB56324dd2599,86
0x22ebFeBb090AB7544142942e7aDbcae57BbD3792,86
0xd077B158C110413c96c593EFc81B5599d017a0A1,86
0x15473ecbc90C7E720F27ba069C2D1E8D671547B9,86
0xeb15b0e56697Eb04b5780F19C0873EC4B0Bf5bA3,86
0xef631bF8E5D9E98C24F4466A660B2A63F52522DB,86
0x7528b3515e21B2D5e19DAa49F86Ce375e7126124,86
0x35CC07A121609c4041B6050f38025D065A8C89Df,86
0x4003ff2db9F3922f419E0c848313876e53d83712,79
0xAC4B0882E822E86811CcAE3773A29b0f9888B86E,86
0xa2246dF386a41c1Da05Cc080564aC4dc05F332E2,86
0xD103f73a34c104c08985624fA5e84732406e0788,86
0xa6D9059394FaC2bB92A85cd7f3F5815F6e66EFFB,79
0x3770c71a1860135d7Ad749f3eE1Da3Cf23087A65,86
0xf065C655F8b156fB9E154d60Be221EB7B741Aaa7,86
0x6c235a2d503dE0E61E85Da4f13005BDfa26e50F0,86
0x6A9EEd3A06920277D50F48e51B58608726b2B0fF,76
0xe2A0bf4C64435a437CfD61bB8084C6eC6De1c31B,86
0xC4B73c3A27964438616315586c9F78343556269E,86
0xcd788Ae284C9c39Ec21F57E8E12E24E7D96f0dc0,86
0x3E64e0b69eb67E9aFd51E8B37f4bDaD2e3e2462b,86
0x36F43A022bD1858F74AD3cd311d89e24D1CD523D,86
0x5f83aC642Ea7dBbc00a2B02b35773B46E0CBdBd1,86
0xafe489cdD6267E6ECf0942C4A58F6d9a4C55687d,86
0x33A564C3539f5A273d3Cf87fEC2C6998f5bded74,86
0x60b666C0549d66A41B848B7a1Dbd28A2448485b8,86
0x7D8B79A59D847b6cC8f692b367c3Be0877d56EA8,86
0xFc9272e9360B75eE18eAe2eDbDF1bF070B561543,86
0xe60439D6Ed689830ddb52558b8F37c84cC2dcc37,86
0x004f87AF872e2c1a7cc3dBB60Aee102807711200,86
0x34Fb9191283247540B8bA2D6Dd7318f132ce8AA3,86
0xDfC158C7d666ecbE6b261E9b67b5988d44c9e6D2,86
0x71465b73483Cf65f5f322c6123BEcaD9d9F6790f,86
0xD4fcBe2b886f427e6f65B69F87c12e09DF4ac340,86
0x0715D0646a9cdC75947069a03A4f2f067a7d25e2,86
0xC2C93A56E3A6Fe97927d238d12CeEB3a45D3DdDb,86
0x004E5220799A11749974AFFfB1E07c6388722a33,86
0xa75dDEe2A86639B14eb0695A2B0F6ABAC4566D85,86
0x09D67456196d98dFf2340a293Fd4e5b338280F53,86
0xf0A39fb16a3aca2488855BB8045C231116926fA1,86
0xF36F90e669463A976027EA2D7CEFe666d7F9006D,76
0xa1dfF47101369f71D1Cc8413696E2d53bfEF54D4,79
0xaC89512c7686eA186032F96ba984CBA25935C68B,62
0x501f720bbF12FE2F23D41D04A09EE7bEDF77F9EF,86
0x23C0954C4b997c58A1544717dE90C8E174eA194c,86
0x5eaFb7aDb08A05ba51AAbbCb3F5CD47D461b0314,86
0xE1014b12287284b74FFccA417c659c9EF37a68C2,86
0x6414536D6160d28c8d59e2c0A40702C158B72fd0,86
0x16C3c16dc8525FD0dd189f605361475fc4488AC0,86
0xc7f6Ce3e4054451987A96b5AFDb28A4E3bB65e0A,86
0x4d73ECE1C974B42C918128B78184AD53cEE41B95,76
0x31B5168dAF15dE3Ea9565b2b919c53A437cD33ac,86
0xDC88A4c24D8D5C20acbC773bFC737b3BB4a08008,86
0x46433087f178919AF9342210A23CC712f0c0a6B2,86
0xADa94Ef4A0d81e508616267b3CDDcAF427300f98,86
0xb098F0773a46a385abc72fD650a4ae4e5cC2BD1C,86
0xd893973C61D1C0358EfEd9c5A8eEA765c8168f6b,76
0xa27010898a4d357C9AF92DD4681B1C4E03bc6453,86
0x5703f0E0b6e02b44aE0fA0e1776A222CCd73F08a,86
0x3D6e6Ae3Da548E692A62f8F45Ec7D3E26C795f87,86
0xE694b05cf88D677125Ae769e59328c2591828Fae,86
0x4B48e2d4d257d9fD7C749719d44EFe1f7f7279db,86
0xb4c5e785DA421294B5D0967dF661908c57bF2945,69
0x4929bf34cfe0776b155858b65a9c257a777e3c03,79
0xffb433841a81228c4ba7a548ffb016935fbd819f,86
0xa282c897a773dba68a40efd91bebc6f152eeb096,86
0x7fcc05b148A766F158B7F98D9F66C4fa1c5F4Bb3,86
0x8B758A6dE985362f13B9DeE7c55dB0fE275d6fB9,62
0x6CEd81D905c35EbA43aC77E551C2A427f58e3b22,86
0x3cdc7f644ecea6904fb1db6cbc26fcabc0353ed7,86
0x760db26df8c2cd278643d62908aa1c20286ba1e1,86
0x441f5d08feadb544901875d1541a3a3e37efccd6,86
0xa82acc5367bf96ff3b77a37845078e1c0050624e,86
0x75635b3cf39dc076157d254a6c886caaf081887e,86
0x6fd67c4d50cb3c16e2971eb009e15297fcde779d,86
0x4b873974ca82a0baf66eee6d6a0a13a2360c5541,86
0x1A1da740B5b17c323CA418a3769feBC6f9b247dB,86
0xD75D4317d37D24a29F45BDaa7D63c7A5C4f86E6D,69
0x7D062920B5EBC2ECBb891678c8Af447515A9AA88,86
0xC0d1FD486Db9F9AB4C7e3bB4f7BF707B5387810e,86
0x8124b21018a023821fF4ab0bEF6936e75491b3F5,86
0x5496B4969cC08Faf2aaBb6E47D99796F76912362,86
0x0A39F60Ed8A92a47FC0E166Abfd284E57895987A,86
0x32f1cD149Ec6956bbf0dBd358B68b45731eef1CD,86
0x70D91e040eaB2Bb093242AAEb49Cc08cb4De23fB,86
0x6aAF94d023A5ac8ECdF61A73b686894B86e6aB6F,86
0xe9eb38e64cd3bbCf1D2C4d234c55617aAD6Ba163,86
0xb2b0c337EeE818c5DAb0EF60f54ffeE8B4a01e88,86
0x23F4176AC1C44c7AC6Ce0A0882f3329e6A482b45,86
0x33b5eBa1afdf24dd02c80A4F44fA260A280Eb601,86
0x3A6A0131121488d573620717e3C06a7Ab5Acdc9D,86
0xD28E0dD0F75794B03c2946d486E8bAb75081c013,86
0x3C7108FAD72AbA31e2Fa59dFBc458b54F58d9966,76
0x0558436E1944575185f0561a1D9bb33faC7fAd83,86
0x690972fD20b04f6163c150Bd206B5F588e14765c,79
0xC4E1C8152EEb4b45b9D83C1fAa49df092dF08d51,69
0x41F30A6415A448BA622326207bFc39fE61910E6f,86
0x26b1Fa7C9C15b7612f3Ba21Db0B5aa66f18F1507,86
0x82A6E4DE8D398E8779ED965c437958F8420bDE4A,86
0x73Dae546079cd9EDeEB63B424f67Eba7aeF8F435,79
0xd26a0a35321C6793E47eB602F1676C915caF111c,86
0xB2e3d1C6EF30B5E2A2c5ED9BD40E17D5A620139a,76
0x31E0d6123D3AF5DC391588934C7410888521d80f,79
0x6993D43Baf241Fb9C1A9A1F37f59aA1bF930D498,86
0x859f74f4b4cd27C94EE298612AC203f81ee81DC5,86
0xF1912C7917b6DA214a7118d323C3049229d765B3,86
0xfa1071a9b3B3b7bC9dAdE4c2d4B4216a7829Bd3d,79
0x5024E9e5bF7B0b46B0aB88bdA7864179f9eA3F85,86
0x0cFae75F820a95527A441D8c56c7a65057136d40,86
0xA0f0a3F1D464119592504540cA9893F1ecc11539,79
0xA0C6d6E5b7d0faE39dAdC043B66F290b5A9344Fb,79
0x526aB6e62A2e166a6040fcD81e24dDFd3065a538,76
0xb19974840616536c80d1cd8D2AEAC26057AeF495,86
0x2C23f675E7A7136b99799e16131f46B69b0918A9,76
0x6A80c2A26D2941e63B9Ea4Cbbb2C5719140e22c1,79
0xEb7762A50B7e39a05b7D688E6C7dc08D3c8c41fa,86
0x22332aF7EF50F7D99A5590f7586F592Bc329EbfE,79
0x1Df3eeD727886959cBfb2Aca1bDE4B50a779c1a1,76
0x20FF9ae90bD2751559bDc01BF425Cc395831D091,79
0xe4a0E1613aD9C41A9132a04609EDFCfa0D6Bc7D9,79
0x5cf99C5f87Dc04B0E42B5C5F1c74f14F95E35E16,86
0x83D343E16101267fEC7a803e6b6d261B561B9D8e,86
0xE5475Abd39d6b73a3B74FB535e46BC6c9C032B2d,69
0xB9925E10D28c538F6777279aE01574E4c4d2A1d2,86
0x1446e8F97318D7115483dfe09A43C2614B2E995D,86
0x0fC0e14cF00122Df50F0fC8Ea599572A0386b1E2,86
0xdBf07416bB3c1A96b68C58D6BdcB9Fd6963F0057,86
0x514582b1D906948eB04f0932ebcD16C4Af4818fA,86
0x0C71E66aF74535CDab29C8c853e35232E4742Cd5,86
0x29bb5465bfa1c6b4935597af7383a5bcf657e795,86
0x2F4213796A6cE2C24bcbc2074aD66b14c94804a4,79
0x7c52E57f0a2687B93cbe2Abf4c48eAAec2776481,79
0x0a0E23417F8b7a1A060C7BdFB24252449b6daaD3,86
0x7BC2653b0f3288551A061B8a91e935b8E8D18d93,86
0x57AcbCC992F58bCc46B45A8E7FED1C2727ef5E6E,86
0x28eEdD8cE34f236897286322d29E403cE01EAb6c,86
0xe90670eE0B5671D24AdF3FE23f3Fb50F015A3356,86
0x3a271e0CFD61D855d95F6518F6a440626f433CaA,86
0xdAF1D049cbDdda0d53d01881661c08A3c910C410,86
0x3Ceb76efe1973F5d570Eb64D8e492cAa533208a1,86
0xB12341fF8d848954522d60931D728A08899680Be,86
0x6615004A73d888e391Eda81bAC4988Cb1A2F5e64,86
0xBcD8671f0799646573f73E9AaFB875219a8721a5,86
0x1F2beAF8439039dCEc062Fbe056458D34f529F9E,86
0xF93398D57C34aea3238E9e893122d021F49682Af,86
0x374C47154E08F964012277840cca594f06cD9f2f,86
0xFcB1aAd990D5141D9B5717B51ce4347b6c7e7cAf,86
0x6ee5a8DB37E409f0660d182fE62cAcaD2112FC9c,69
0xfEcF2ba7FbB889ec33A75950961B4C6BA270259a,86
0x6Bc0b00c07234725529E3D9BCa9503a55F1e4ec3,86
0xE196aaca5E8dAD1f8EF006E5adCE52DDB6150613,86
0xC1799403A9D676626C8BE2e7A3F3Bb1a861E0D8f,86
0x91ef1dBAcfeD0E1b01855cfA7850ba1B9758e943,86
0x08Be46D69e0F6Bf7Ab2dFF20d8a9260e200d1449,86
0xb0dCbcCf35E12B5102b73aD4c31e00F4d9ac0aD9,86
0x443eb1f18CF8fD345DF376078C72e00B27e3F6a3,76
0x04a0c25DD0BceBE929496062EdAA6B0e87D137Ea,86
0x2B70B8866D89A8b6FA1aCed59504711a4B1E85F6,86
0xCFc79afF2dE1218a6156185689Bfe455f1AFb5CB,86
0x84467B0ab55deaF120AB0f9D9F1fD40b5E9cf669,86
0xde1d29143D09054D009f8BA0Ab7cF7BD92365EbA,86
0x9b8Ba6C344704472BE49c6599D0546b701Cff7F2,86
0x0Df26D752801c86992A63bcaf5f78514CF7216ad,86
0xEE5D16849693a745cb1e7a1a11c16afab98e88C0,86
0x5bc07031D005972E8cc6B8Aa416d16b8FB65D1b3,86
0x43B41c1b48933244210F37Ae6dbbEcC09a59D2a1,86
0x6BE2EE2C25c830ae4DBbaa0332F8829F3738b9B6,72
0x96fD87D68eC259035604230D0c4dFE9a3d66066A,79
0x1DeD3c31Ec30a1C651c7D1ECA0f7DB3ad76d15EF,86
0xF8391F32b40561498F87345898a5C84c6fd0cc90,86
0x4326351a01C29Fe554D9e9939C029315a3462B92,86
0x1Da5407A15e082E5f538E1C9F1BF3Dcf812D1e15,86
0x6798A4be28E12b6346466F60F7E94C9BECbf8fe2,86
0xbD3aa8F257dFE044273E80bE789ebE71e0E6351E,86
0x925C8c407f1A3d988A06a45015256e49831a081B,86
0x5CD2460CC25FCA8f3a4ec6Ca0840fe381dc8Ff2a,86
0x5B84cFB2660d510674A8B6CcD01659d2521Fd5c1,86
0x7754788AC133606139D4113F7fB8217110CC1D13,69
0x39432039ddBd6fC67668386C897e54c1c5554CE4,86
0xda4807e777e2E4a6B2ab075BDC0aEf459E708cBE,76
0xB8c9D38Ba6924095062A92A581326a3eCecF62D9,86
0x63122290895127671A36fDDac94087DD44e3A99C,72
0xfFc8581F75b2D7572695d0797116C6aAF4E74417,86
0xAf58d2361f32CA871A21BED7D4E1315264122E90,86
0x91fb0B7BB84DB05378B4AfDA2a584b18E53E2CC9,86
0x73E11B7D5cF73bf83e5D2e1D748d6FB2715E90ff,86
0xd9F257ac7fE6576b8Deb47465afBb188D6c454e9,86
0x1Ca4f36A0FA8c424A22654f7400f16Ff601E0f2d,76
0xA59a7DADb5Edb1BB1ed8c59a55f05C88C7b75E36,86
0x75B304eCc259f56f75457bF93c28C876226547cB,86
0x14d6c9FF1bbC2eab5C60D0493981b7685eD99c8B,86
0xA8fDFe346972389E90B5f706bA5674F11A356425,86
