0x231156146dc4a455c3ccef033c91613c2137d5be,100
0x2db3b098263ae4450a395675ed8349f13afc51a1,100
0x079615180fd8109a814c5cf589f0f1e7ac79842b,100
0xa1117f7889f188407cbeb1ac3a6713ee003d3f3c,100
0x199b3ba7c7d665bedc10af1a534940c6dc7c17b8,100
0xc19f62251ae7405f7fc82669cd5f3660f6eeceeb,100
0xef2f9c27483a8fe8790eb928ddf02199e1e2e913,100
0x254bd5fb03e2d387293721d989fb3e6dff5dcf71,100
0x664ed3911b00f998bfa1bd34b05a920eafbc0bff,100
0xe30c1b4c81c0b75a156f3e0975b5343f5d1f41b5,100
0x347d88b90e39485b3468df96864cb2cb7ad8cf80,100
0x2949764c330a13a00b3b49dd36b1943908d04e09,100
0xd41103e632b58804cbfbc94126779ff16e07a587,100
0x1fe0a9b345af56ba929b666ddfd7f18638fd48da,100
0xea6ae8c291897a9a88f847d76e055ca2c7b49f9f,100
0xb792d8be7dbbe18a3a5f95c803b9e568f0059d75,100
0xd48cd53b24e1ffb9fcf83e7eeaedcb1ba73ee02c,100
0x11e78fc4b70014d7b8978287ba3c5103d80ddd06,100
0xce0ab1e8e6f8c01148e91dd721e4dcd68e1805a0,100
0xe8fed7dd3e858d5837219ffec815658ea891f69f,100
0xf647416ca68da9060000e566f7710845f93ec57b,100
0xb21b00716ee67ea9bdbb4ea0d167a2b7c2d76617,100
0xc841c4231d135057544f7ccf3e86f13a12e06b71,100
0xf4f905c1ab7096350155e4d29d22fb1419f80fc2,100
0xc47d04433013618997f2b9b0235ad1b5f8299169,100
0xad6957cddbfae60d0d871e0026f2709817d6796d,100
0x9e4977972cb8a95fdf2cf9bda269ebdb2dcaea35,100
0xd09fbf3fc15b56cd04e13eeae5cef9b4792e2316,100
0xce8151954cd8fbc4141999518e20ea4ed8ebd09e,100
0x6fe949c3ebbf41e731344bdaf76d48991fdfc4ca,100
0xf9c17da7c56d285932da8b273370d76b514db8f3,100
0xc54a6c3778016b06cbd126ccc3b5bc06c5f666fb,100
0x8f19b07769b79a4268fa37d60538115e9959cd1f,100
0x464ec5d0bfb3582f2c2cff8de3c260ff9666794d,100
0x1d64714877817f5f98aa1bf0dd02e6acc583cbfe,100
0x63cec7ca590dec1ec8f589cd0ea381e9265cf263,100
0x082ea29691475b21fd667c6de2e321b64a62023a,100
0x256aa98410eb7b35bf24ee99e7524024d99a26ad,100
0x77e3a35a6248c8ef5a0ea4d6c5f447df283f0f27,100
0x80af0af8c7ab024039f49fb4bb5f440b1297c413,100
0xe1f21ad5246a5b484c4925b26fa9cc77e4b99cda,100
0x4072ce68e5bbed3a9fd06d25d6c49c1fff55b0e5,100
0x09a4132c2870a10cedfb6b572a8dfa622df2aad3,100
0xf5fa43574a8b848759b1ed9f1a1a1b316aa406d6,100
0x24256ba5d35cd901ab024426d04bcfce8bf1f761,100
0xa19e076b0f2820357d0b9484b5c7b92e926b0c52,100
0xc9c8fed1c930e9ee6896cd354c9c8caf88ad86b9,100
0x44bbe4e4ef96278a80637b5f5622faba5e328034,100
0x403d1fab4a57e6cc6932b771e1d286c6fd20433d,100
0x8a62b587a26ed6752eb5cbc82920d0a77a148332,100
0x68bbbb2147cf0fa3310aa3bece4b9a114bf04f67,100
0x21d91879eaa21ed1c90649be698791432a7c051e,100
0x21305bbd4c83999669814014cdf8e18e9eae6eba,100
0x39501a8d70bea6cd9527b9f38e3d5e9079dd8645,100
0x974f8436143a0f3aff10f9b5a053fdd0c454a511,100
0x4b6c53f7a1856bc377035b7076eaaa4743bd9174,100
0x6c4d9bcf1654f7771f9f519702eabd565806ff94,100
0x5dd0fad326fd1c906744ed43f7f5e860f1681080,100
0xd5ebc84ab66fdff7403ffad717dec3f72391fc74,100
0x13487e294684af3da139e8bb47c2e83f8601ee42,100
0x7584a4c2311dabb6ecb6f9a94d51daa194b5b49c,100
0x742302b3f1dada0a6e8e5ef88fe5d3a6506c1fd4,100
0x1958ff13733d9668f7e99f5548f8c3e00ce738eb,100
0xc46ff23764eee6293e94420342bba6e885f9deaf,100
0x423de251c53a4d62a28218ce1048a3f38b8bb0fc,100
0x7d167d20adf437fd89facd57f0560eaa7d118ba6,100
0xdce63cbee5e3f5d30729b777a11385b58b711a3c,100
0x175631f8948f909bf82cda52e731f522157c4f28,100
0x92b36e44ee392055122a5f4a4437045abbdec2da,100
0x54288917f37f7f434f7470e460d253546937c423,100
0x7e2b9463049b3d077b90c5cf20ec6cfb5457c6a4,100
0x5cac404d11250cd241b719487f47e3d720873cfd,100
0xbb02fca8aab29eac51668dcf52224435dcf1ea9f,100
0x558c164fb387a55aee137e0493b95fffa1c16144,100
0xc7b4e61f4277989aa59e786098897cfd4bedad46,100
0x05a778d138ae792815859364aa98b0c35e208c29,100
0xface301cca2111bb27219375f9cca6fabb197b7f,100
0xb5cbbbb371b34da50281160da704c90c2122c26e,100
0xebe2adcbc2448787edffb030307beb8efba583da,100
0x632647637d770a9d9c68527742df651fd6003382,100
0xb0babeac276a23e48098f7b8c76755c0a9e422e0,100
0x30feb2cb8ffb4f9b865a78c0949c725fd247bf49,100
0xf0c144707973c20dd5e06c7ff9a95daa690d9046,100
0x0fbed08f678ad127600a740f4758cb82d7c761b8,100
0xc68bb62524ba38f2e5043642e01e8957b3ea9b86,100
0xe0a013a77c2efef233dbcf2175fc2681baee47e5,100
0x5f851f08db2d54c4d2e283dd968980b46c3d7c94,100
0x988c0e022377d627347c6405c569648ed970fdc8,100
0xe3f53acab103df78801529b3429548289f2fccbc,100
0x7919e978b422c241fa18101b21f6771cb6d895ba,100
0x460d8f322dcae79d57b362838fed1db81dcfbf4a,100
0xf265cde46bb4b6932eb7f3dfbe9a9389a990da56,100
0x085615470862b4b9f01589dbe005d67394c89ebe,100
0xb44ac514588be99870220d12120815bc3d349507,100
0x8a05bc1c61b048da7c16cd82a67945404b097f26,100
0x75c2e91336e2197d611fde9b9a011ee6736311c6,100
0x7e0797381e6ba0575a7c2aeb7f00356befb0ffc8,100
0x6ee1665c36eae8dc8a381be7f9d2dd8075957929,100
0x8a259ac7276b58b49b9f2dcc8addd19cc3165943,100
0xd1bd6d728b99031ab37c9d82a2f38cdd6ce7f226,100
0x23ffe77c28e2a3300d90568ff46a9863e33bc2bc,100
0x66f21fc2aff75a7db43e3dbf9fe96c25f2811115,100
0xacf5f0cc710a0b913c2eb58e3d2d84f388ab0bdd,100
0xa1418770cba553b13f41834b8e6577e0d5461cb0,100
0x2b41aa3801f839ce13a530d10fd8fee37f80606f,100
0xa9c0e227dfe4f8805a18f56c80761f29e62b2f76,100
0xa9e3c35f2c2e0346d8ba8d5b399a3b2b99db3822,100
0x9bb3a266573da9ff76980649e2ddc1e4829ac0a1,100
0x74f85fe5538dbfcf3b46399e121c3ba83f695f91,100
0xced087cd1f4e6cf769e1e1339a60da8c4e553997,100
0x3fc44f8f9831a0226761c67ac6dbde608e915a97,100
0xf58eac5c074bded0f10e7f58eb36da072b4111c3,100
0x3f711bbc26e20008e8b2d46bc040629068a8ac55,100
0x6473c82f7f7ecc02a8d180027816e5cf96685198,100
0x7119724dce3c020be03cbdf293e65ec97280e98e,100
0x58885c86f27c3c811bc6a49b22fa6c807b0efb4d,100
0xbbcb8bf8cb0d00fe6da7c741a6d947863df2d411,100
0x41f5433b4c78cc62ab1de62623bf65934387c015,100
0x8ce5da80ec7723fc2744af30f118dfcf88dd2c6d,100
0xbe1348131896f397d50f50d7c2c8d6e984d885e8,100
0xc5702145f02664b9683cb8a47019342ac34cc60f,100
0xe8e033dbb311e1e829e22579c582166e169da794,100
0xcc3e5b46184fe5fa79e4061da62f7dca42d6e7c6,100
0xe87e4f1516577359297ada62e8a33268b4220cad,100
0x0a3a3ced9d2936abc07b7ba63750dd1c654e96fb,100
0x05580b7f012c40f0ed632cac5452baf95e1628bc,100
0xb0609b1db1fc747b2c26e64521ebb4dae4802bf0,100
0x77ec07a70128522e65a028aab43111d375ffa6a3,100
0xb47b6de3882c375d917a4e6a03ec571c7232930b,100
0xdb5d099a6d2f2bc090fcd258cc564861d552c387,100
0xda5b7f6d7c32dbc04e3ea7e0e9b1eed6342275b1,100
0x9d75b8717aa34258dea1afd74306cb41e30f7b3f,100
0x5f4ef5c539a56291665fcca4e6b7a6446ad11cc1,100
0xbad80961fac9cab4dd76b21d1de6cedc1015df55,100
0xa226b0069ea5a21a97d2e799c9746f25bd685fb3,100
0xdb0caeb6dda50ffc4199b8f6979bc5d5bc04d972,100
0x90c2675d5737966ba25efb1dc424dff3ff0e8193,100
0x06f1e53db4a53748de5a5474b6ba6fab0dbf3770,100
0x671eb80216ce9044dd010d96fb163fb7b0dc6902,100
0x8e120705d93f5da60a9835a0a74b186a16816294,100
0x771ea537328b964ec54a0105446a57edb241ea75,100
0xd8fc412be15d242b5c5628aff8eda252b0475022,100
0x4646b554da2f7a956305aea7e0c546c824af7646,100
0x51185cfff37ef7936946190aac7ec74af0e70159,100
0xc78c29bdc7c2ff24a379781fd0f849625f4f672f,100
0xe376086b4466367ad352c7eb72a4bdb9be3df97b,100
0x93f58a9ee7634b0289a67cad7d15229fc7a064a9,100
0x6ed526f68a3fce2171a09fd91b5ba6c453fa97e8,100
0x0544f4dd00dd445767b7bd5cdee5a4c3d0163a8e,100
0xb25edc8744b6e2e56da7b4c7292d5f488f238006,100
0x8bec5e14e9a5b235a5bf00629af2e8196082de68,100
0x2808f7fe997ef825a46d76b8e97cf4691513b979,100
0xc78c8fa073deb7d979beacb931b4454a545b2ac4,100
0x971bbbf3d2aed41756aa7e67a04116c3d98ffcf4,100
0xe51c18a23a43d85f9cef3a80e8bc64d79c631796,100
0x1005e511f3430117ae6a538d48bd2409401ad6a0,100
0xa187497c509a56cc1f5226a5895a6f59bc5a8205,100
0xcb4b5152e46f0e81f469385f87603f9f2b96a6f4,100
0xbfdf0b555167aa5e497c09ea8cc175891ed642bb,100
0xdb851d1c7bd4370089bf04641e628cab2a538586,100
0x5901a28e29ba9b372d3314e838ab5da16ae77c3e,100
0x094dc639f0c47b6eca92936e142ecea207b963e4,100
0xe76f6928b68f1e768d2ad3f3a25436009ab53687,100
0x2db5e9b211508bac5d0d631e792de3ec74db3be9,100
0xde827ab61f94b5568811ce223f2049ae084ac5a5,100
0x99d23920b8e064c98a1168aa93a062457471feca,100
0x883c09c79091402dc823e02a16ce639153690451,100
0xd320571c7b7956b68d75df1b87001ab87f0644e6,100
0x671b0b02426f2cb2da22d59a9db18ee860288696,100
0xa6c36c6a3b612ea6c1cc77e8d53f629aaba5b2ef,100
0x718720522ed1bd75407c17146ffab77960265fc4,100
0x27ed08c0da06f8c851100f8abaf2c997345846d9,100
0xcaa6fc0f12a5d66bd67e303f6fcb47d0a7e1fde7,100
0x19202a16bcae0faf8b227ab37e928af4172b518a,100
0x415ff5c1496eed1568ce5722078a772ce2bdf278,100
0x7d396625a738ccc8f03a7e9f90d7a56daa264ab7,100
0x97f5c6d4ef4f6d4e0fbed7f7ae9e7cbbf3aa6083,100
0x33c709935de5c8784035d23cb71b529dc2b33be2,100
0xa3e6990d52719f8afdf08518c3764e1b7a260029,100
0xf3f29f8ed88265098996ea4d89cc652abce822e8,100
0x59dd4aa78ffdec9c2a4c7a0e3cd654513b3f018e,100
0xa411398b05c2d0df6ad5b524c2fe1d7fa9ce6cf1,100
0x39530136b9262d67ec7fda028f724901f68a7195,100
0x0ddba43913a96e06ac112e6e60eb233eb813bfd2,100
0x103af2b33400a4f955744a7f70e749435444f808,100
0xd92b034aec76db62989473438bce58b667ec6bb3,100
0x7b9044d2862e1bcf5212f9d41583c291cd5419f6,100
0x922d307271f1adf3346bd022b5e74da26029a3f7,100
0x0a3fed1da7e63057b651d50cd1d4100ef9ddf81d,100
0x39ba5294d45147d57941e736575e19dc31083940,100
0x2469d47c3332fc49fa5a74982d6aee42454b5ca3,100
0x4b2aad37a7d72daf30bb012033bb4ddcb6779daa,100
0xbcc98c61e0402a1c8f690cbfebc59ff5d46c96c0,100
0xad5e755cde964b6095ae3a2c550b3727b0548a24,100
0xac395a12cd0b1bf56e4c832bffb60e723953cd5b,100
0xf7cc2aa3e086a570b7aed60ca752f4c7ef5273a5,100
0xddfcaaf81b7a14bbe998349eadc8ea591736ba6d,100
0x58b55ed61f2c8970dae892790800683a2c1aec05,100
0xed04d3792c439b8af827b3e46ee626827de53db5,100
0x4b0b4672162f7b0d98deaa6538ae9ca065ba7d53,100
0x9180978e433d71c5bae36163cd1559695810d950,100
0xaf0827353b3450abc4edfda43cd36137aa0c1202,100
0x94f39d4f413f28869026e1866675169e2394d77b,100
0x1ccb144b700ec726d37db38c617e154de6d9c0d0,100
0x3bb69fb9353b04314470332c819ab1d832564162,100
0xe8949f6d0f06e29326b8c1435a8bb4666e62a90e,100
0xf4bbdb97a56574d95f1cbd670cadb92826dd9a0a,100
0xb1f3d1750c0ff6ad55cf7a2eec05382b0ac99931,100
0xca4114316ddeea93af1a1fe224a5d3b3fd0aa69b,100
0x26e236639fd3ecbb9be55d410bfdb7881ec48980,100
0x56d05a1585d342028ed6d1b9ff8d2911e5e2e829,100
0xf05abab203216009f6e41920845ed940c947acc1,100
0x9c607b86844812176ccea1b84fe1452adda153b8,100
0x6cad1dd8021d23eeaed96476955bf0c8ad74c761,100
0x6eea613a3283b69244f3989c74a767b7ff7b8ab3,100
0xcc53968842a3a8ba4a7755e731ea3d412991da49,100
0x2461321d08a670e4cdbc6427e4566c87cbf374c5,100
0xbd4426f76443dea2c3630469c5617ba51184d92f,100
0xbde0406dd96fe2c32dcdbf3f918387aad101099f,100
0x7a91ee54ec8c7a91d4aebafb6aff4c11e55ccbf7,100
0x128b2cb70bf9c8647f3362a6aec8152dab532c7d,100
0xb950779e860d8c2f4b102fe5632678e527b94b28,100
0xf0c11bf7d2f173fbead711cb9634e3f97afb8056,100
0x02d05978e5bbcc17c930056180a212a538c0d486,100
0xdb51f45e17aa1a470e9ec9fb7544863b45e6c686,100
0x5eda3e11d8418c836f21774da8b36e5bfb73cf77,100
0xcee37b3bcf1efed1c1e30d59e5f4015ea16f2509,100
0x00795faa9be91af7fad910d72bc5bb1f120b544b,100
0xf3b6d9ad75fb9a4251fbb23627b4270f412de583,100
0x30c58e7560e01c78f5997ae5b4a8804b3eb4c8aa,100
0x0ac65397a522856b36680faf3d203f95dbb48a84,100
0x57981b581202e31906298469c29019eb639bb715,100
0x358a35b57eba66124538e7bdfdf876c6e1ecadfe,100
0xbf9ddced891034851771295994cc92a26f08624b,100
0x51b3dd026e3837352d7a0efb431c62c1862d0d4d,100
0x020133dfdc733bfbade25038e05efdb423083a97,100
0xccdb4de6547ca130f4e509afb191427afe892f5a,100
0xa181102bbeb1f77c184e38f14ba57577f5b9459e,100
0xf109a1df7d8325c61d9546cea00f4430e3a708f5,100
0x369d055674323f66182c67f5a77547831e26b63a,100
0x18c93c2a6e4f83eb3a485dcb1a9bfaf78cc82ca4,100
0xdf8dc3f8dbc6df1747998cf44c83ec0137d3ae53,100
0xfc3a7ca9b00ce73f91db154ded5e8e84cb712d07,100
0x5c2126bd5faf690d6520e4f06c211603c4c1ca4a,100
0x4fa758c72a4aa977825ddf5b9196a6f29364661a,100
0x0e5df087b286431f7fc49af2885a49a0a573416f,100
0x32090756e61322be936c7f903b40cea24641ed04,100
0xaaddd69e4d978e88468ff403cf189e86404d96a7,100
0x827ee06510931861f1a1b957ecd376cef3b334c1,100
0xecdcc2f53b006ba7e8f82b772f3ca078556990b2,100
0xd1bb7df53d898cfebcf3c15fc8ce527f3beb46a8,100
0xfcb2f63d3d965db45815bf8a7947f6f9620d5d96,100
0x20e30283b4fb857e811c47e214c0d58d05bd8d0e,100
0x37ea22d0f551aa66d54605592b672f385b713dc4,100
0x46d3101e96dfe3f84a7eea176aa3699107900a9c,100
0x0c743384c573be351b8a65be9df584cd7feefcd6,100
0x3ba1a105a7ad723085737713bbcffc8c5f37cf4b,100
0x08aeb62877825d2752f2b4312148ddd3b7192299,100
0x20879c965b29a728ef87a2eb391e8bd8f6cd0dc0,100
0xc601173826fadcd4da7e21a8232da01e7c1abc5c,100
0x035a23daa44cde66c590c252c8cfa1343ca32c31,100
0xa164de142d7bf2272e462c986fd9187ade02a3b7,100
0x56561ec41ed2c6c15427c801e83e5e863f901bb6,100
0xecfd5d13ba5c8dd6abb7860eb5c74117e615bbfa,100
0x6f5470fd2713f272a35a6683ae1e60b1bffc0470,100
0xc6438a1d8873b1f9e10ad4a8ac977699d8461510,100
0x32aecc162e6dbeb112782b9a82ba206e415bad83,100
0x6ae68bec21aec25fde2c910b1ce6c40553eb8cd5,100
0xccc26c4d84e997904dc204d83ea912278c8b60a2,100
0x523c006148741fa16183e2cf9ba231e667348931,100
0x1ba1ff69f03d38af7ef40e3afdc53ad073eb4642,100
0x7934ca1ff68859d6642cb2e479f4c5bb111395d7,100
0x95910ec27198477a9c4aa3f5b8b21c9095edbe27,100
0x9846d686eaa2b556d6f64a83a85d7c264f3f1b8f,100
0x27fdcb11fc3af7d8b89f3ed1522693c6c21dae77,100
0x0ffd0ec967f92db20f59cc9668c216d8fb5c24f2,100
0x04d52a18b7af110dc372bd435e4bef2e97ccdbec,100
0x721d6decba0fa5fbb9830704fb4d7ed1fba6e29e,100
0x7c192dd75350b0ac2812cb180ecd12dde142cc04,100
0xc1aea877366970c930ecc411b770ca8f3a66c527,100
0xad73c9dbc6865e18683f64d0d98852304adb7c88,100
0xc0ac29c2a76a7e2c5c5b3281fc157f1f1e45b15d,100
0x66dfc72c727459b0e6632319e5ba94564505c2cf,100
0x384e5d43322b73f0ccb290d20085db93b78411ba,100
0xe59c2368f7d67f9bfdb0d1f12e51ca71d1bb87e7,100
0xef3253e2faaa98a403253e3777708bdaf58546a9,100
0x34a493112c353f5c009df7311b8db5073a584c00,100
0xba55a4ad8b09c532fd5f330768a5c415e5cd689b,100
0x6ec819f0609e7de68b175efd641a3616bd0239c7,100
0xad9a9a0bf1b6a85e0b54bef9b148b42f92a04e6c,100
0x4a242a7a733d58dd05acd5c02c4f19cbe0fd0e1f,100
0x1ce4bd8c10c71dc5f4c3200b68dbffbb2c1f155d,100
0xcfa4cca9985b5763c20fd8faa461370d7bdd9939,100
0x5edf0b0c1b6d78bcef494243801dc594944a392b,100
0xd2cb0233dec2c29aa493cd3d1b087865b3449bb6,100
0xa34e06640c54a7b6f46de5e666a39f5560d3c92a,100
0x57a0ca5c95125d2ca79d3baf213265c9561c8041,100
0x2846b62751cd451821449195c1aa0676f7fe2d7e,100
0xd4ed9ecc531e2e2e6857bb6b4736c15425173808,100
0xeecc1f6219534a96d748d9e321b7363f141f04b6,100
0x7bc2bce3ada31e2fb4e6a819de54ec00493f4c6d,100
0x9362e4f95a18d62baa0c2d48527812e1134e8623,100
0x9e3144d34eb9cf57f9a217fbd2f98fc2195d5759,100
0x5d75201f7d0f743aa31e64930d504abd5af826cf,100
0x375dd45c30dad3b3fa160e8a4abb9532dd921e81,100
0xfdbdc570c1d634f6912c9f699f226479037bb498,100
0xed6ae33d087dca13b694c6905a0e8fa1fd474bec,100
0x01ea8e7afbdbb7bcc97b60224023f59235da2acd,100
0xd3366ea7de960d1be9c94ac8e750f09dd2280cc1,100
0xdfa054043dc2bda895c6ade88a1329fe552c3b68,100
0x04576538a605fe488f09973c64b188128d52070b,100
0x8e84b661fba626d02be1156b371a8e39c4da6de0,100
0x754f8b29c8f7650ab3e7ee147f371ceeb2c98d11,100
0x5f88008c9bb46188fc7242839dbc3c6def503942,100
0xf6336a478a6a555a95977842f34d8c65dd600fc3,100
0xb936e9d14b819796ca0e1576cb6ce8f438e04848,100
0xf56302b6c85b6ab9fa9ec1741c5ccfdc9fb30124,100
0x6f6d0118c8b5c20e75e798f4c5320e57842823e3,100
0x4d246e41d7131ff60cd533c13bd2aafce7ab1265,100
0x74a166dd994316f793b666a931f3f6bd0021566d,100
0x3c11d8503a620e1bdeebb2436195b2c90ad2b74e,100
0x9f92249e0ab0cee486fc38674f508730559ec6dd,100
0xb605906de1d6ca7274f772570441cb0c138c59ef,100
0xf0b6459fe045140ff9c00309a2283a10eb6ddee3,100
0xaa8e72da17822f3596bdfab8fc7b2f2cb949cda8,100
0xb4ef882650c650d41ad55a73ae9b19427b96d5e8,100
0x3c299a12a13c47a2341c4c6d3a8afa4f31c34f2e,100
0x78e28e500292b6d6c483b85547f0f1e5576c62dc,100
0xf913b9a80755a456cfae819304173265a607dc12,100
0x9621fc5fcd166f6af0ab3e585a9e07ea8eda5df3,100
0xa4b89ad454faddaeffd535b180e9cba14bf86177,100
0x81cb12f8eea9cad7cfdb4824b7328bd832995ec3,100
0xfda8406ac86e979febbf227c01654e0a5d3fcf05,100
0xe118c8661a4a66be6631c64dd62450d056e7e00a,100
0xf3da1fdb00ae81a55003336c493ff8f5bd2c2dfe,100
0x51899de8a018c40e3c461db110b0404b0370e947,100
0x0da9cad19070e287498fe72c3c9ed657db79de1d,100
0xf456d891199439f6fc72dafeb64cf77fca338bff,100
0x62dd043dc274c73cc8b327ecabd5b29b75e608c0,100
0x876a511c76e9caf46ea2998d06b6e2d57debfff7,100
0xcb630c28658d8b4f0509d628d8d947e6f95ea20a,100
0x35a10dc60fd61cc28ef5a07766b0fca2440f5596,100
0x091c91e88fb83f0ee429c97e53531821246d93e1,100
0x07d580fbd01639e6cb1218739a7726ef3c986b45,100
0xc86463e24568d1ce7bdbcb5322f13294a9b7c5ae,100
0x72eda3bbf0bc9bb42ce4d8db5fc46ef093af1e0d,100
0xe8737f4c7f77966cbf7707beb1f3989dcaa56e5b,100
0x5184e2ab87eeede90d25f7aed7fa86d6341f27f7,100
0x5f0f6389474b602b736ca74c20ff0239978cbb7f,100
0xc56980fe5a3d229131f59ac5854554498f489880,100
0xf151d801333f9c38aba628bc9144f9225b2c4f04,100
0x611a6ed28cb59dee17df7b579bf3796b10e326a6,100
0xbbcd2582ecd8404950d76bf98fc7c745acf5b3a6,100
0x50b169aa138c47e7bf9bad37abf65292fd1f282c,100
0x44a4577ea7a898a18f91c92f7d13433d2db58815,100
0xf85a428d528e89e115e5c91f7347fe9ac2f92d72,100
0xa9c90e23842f56b9d724b03a58228e5c966a8048,100
0x3950248f7c293a60ad98a2480fdedb9e6f2c1679,100
0x11c9d9d9e91f5c9d9e62472e5c7b39cfdfd4893f,100
0x625e2ca9dcb4c4a28bd7c2958693d8adeed1b315,100
0x24dc9901bdccd71ce281efd0517704fbacd2d650,100
0x09c558fe5c5eafc12fc7bdd18a116a193ed052d7,100
0x8132aae137a3b96dbae04ccb1df4b260b19f7566,100
0x13917643c99b700f9c2dd6ad5bd46ce70d831bcc,100
0x6eafd23ed2fb7ac6107b07e4fb5e63862f5e77f3,100
0x015fc0f9a30b6353b6ea191d7c4ba6c8aade92d7,100
0x54d759cf295a08c10d63758e9f4758db691b3dfd,100
0xe806b664602db7913cdb81665b9b0ca36a8f32eb,100
0xd3e0c2da9c96ca28fc22d62005a25f08c812761c,100
0x32a73e5a3b2789eb67efcbc39d6b9ba018f8478a,100
0xd1200c40611b6c70a11938e6fe1d1aa92ac20ade,100
0xde3cf9d5cafe41d3aff31c611bd2bace56f9ac24,100
0x6dc420bfa0beb345dd78bd9f45881ec9ff7a9580,100
0xf478bff9af585412646d3f8df6d7d0e3fa5bb27e,100
0x8d49c024399c05799aaf51b8112a18ee821c88e9,100
0x986a1de622305f441a3c763036ca06da417ffff4,100
0xeb4aa6f1a34d9ce8a71534210b646d1558e84dd5,100
0x93dcffe073fa58e86ce1e20dcc13d29cc887b149,100
0xae7888aa070d74ba3c23bdbcd8826d8e19e45708,100
0x7b397da5bd525aafc131107d47836304d65e446d,100
0xaeab5cb67cc626b74f8a9133f6451a69a12fbbec,100
0x932ad9f66cf825e7ab97a8148cbf7e4744c01ba1,100
0xc17d7ae65028e5cd709a1e341f370ff2ef3419eb,100
0xd738b20f3517dfe3b0fd9f7a3289136ce692faa9,100
0x00063045e14f69f5569d5054c02b7d78d0dccd57,100
0xbdce9241c0733752d42796c926003d191c594e02,100
0x3b4b1aab086e03d85658c439a8c015ecbfcabe27,100
0xdda83aac8c6f71d5fa512fc350e8a35e33313b88,100
0x9ba1330ed2b7f5675c1e2556debc700f291d4692,100
0x1daf19593f0d7768043082e8f088e6d3de998912,100
0xb6d7fd1bd6213d5fc4b3bf8941d03801d492bba8,100
0xa849344346dde2d729d6d77fe1f5f7d9b941c8c2,100
0xe952af3ceb8df334a0dc5919c819da95f1d439f7,100
0x4a7fd8f063a6eba78f731f562a5a1e9fbb3313bb,100
0x7a202aed95d08fa47f33ffda0c9930aff5e2d4b6,100
0xcd8cdebe56c06518df46644f237c9e0c379c2fd6,100
0xd07c75efe586ecd4d3aaf9e4275b915a75c16dd4,100
0x2b02a522eccc2494f5c2efbc56dba4eace5ba7ff,100
0xbdbf41e992c92ac4a9b018068a98078f2551fe08,100
0xae065bb9ac6d22d010d512777edba477f99ee795,100
0xb63c0456c3a2e958826f0b5ac32349a55f80d816,100
0x0f3b9b04e3ec46934d699e3196bbe56d9b72e324,100
0xd6a7fc31a693606079dddba8fb3e696459743d8c,100
0x76a6d7878d495301d60410a63f046eb77304f136,100
0xf3e8df6fa204016c217fec76d48b24f101460702,100
0x5462b37a743507a71730e4b6a64efc1758303c75,100
0x9bb07527e475bffb5fb40d1ecb716297fe1a8e27,100
0xcc24eb37a6a0f1c0c1b5dc4326e1f3b4e6a15b83,100
0x92cdc26e937c810fcb3148241f25efa816759bfa,100
0x879466a9b6a58ef64a8089373fdd6a82c193572b,100
0x7dc6f47ddae56b4434d7fd31f13e5f06b06b3e5d,100
0x0b6e79ba994cf84969bc73104818229612526dae,100
0xd8dd6650fe7538eedaee3d00275736fc2d1a722a,100
0x75ba5ee883c2ede43282bde16e38d6ca8edccdf3,100
0xd700ace610945083e2a0593d38162feb30e1554f,100
0x00c62fb0ed991c19edffedf58136f42d188c3cf2,100
0x82bd4092ad61ab5af57047ba366f2c85b6c2a8fb,100
0xa5cc7d5a021e88104221f71357233e818a98a077,100
0xd8af5f8f3afee86ceab8f7682d97104ce6b7ab1b,100
0x285ea474b5edfb8eca6f6821a678c366511fe5bd,100
0xe0a755e8414806e06090e1f7859ab1379c7ff494,100
0x57414af7bc0bdad6220013e1a8dc87636b79a89f,100
0xa094b6bc78d1078806e0fce8aeb40f10b139d203,100
0x5e86f18d50597a0c75de91972fc8261b46749fad,100
0x01305218a8d540d8e7348c5547cd540c92d79fc4,100
0x1f47afafcfc64e5b5551f0a1ad19ee0f52b98940,100
0x306073722fb7387b0733f7fe107d7855bb3bca95,100
0xbac0432cc1d354274e5e9d4a00856ec2e63985ae,100
0x1d0aaca778ac5b10073b0fdb479d244bf81ee276,100
0xe1ad54df57cc3c6baeaee0f6f1ceb98e9282ee36,100
0xf0e1fe6d748ab6e1e32a2b85aa9e26d0b46e3f1d,100
0xf43c03341fbbee7c918528e23d3cb9db67f303ff,100
0xc19c82ce4f3657f2c8491bbbd07c7908ceb38fd1,100
0xe510800dc2156c2071a65ee3aa38c636067aa82b,100
0xb238919b54c95170420800f168c5df480dcb1cd2,100
0x930681b17f42f0f63980301545fbcdc6e5f9681e,100
0xc86f15ef905c92f311ab26cec39e79cabdc19299,100
0x1e1b58c774e4e4077608182e1b1f137007888057,100
0x8af434aabada8aef0c82ce3721cd5e0e0c860ceb,100
0x5d3a4b7a49f01815739fa906a0ef3ac906a50223,100
0x39e29cd283e2f6bc6cf8be7098841733097eab2c,100
0x70ee2d42e95a7f084a3802f65eab16c9d5f7685d,100
0x7e0851c4c8f23ee61db785fc73ad96c0a78d4f6b,100
0x48a9789428f2067338d02b1ef3612df64f05feb7,100
0xb7ad24ef67e01c5a353477abf81e867cab48a132,100
0x9eebc28e44054b0b7b6534275379880196b8b42a,100
0xaf949af570cd4f602d7ba71f49e053a4d4b3c2a1,100
0xa252c4352af78ab9abcecbcbce4328701be007d7,100
0x3ae0e9a6b67a9ca5cf2f42a0b3266b2098d399ab,100
0xe6d92d764e1593f5fdf4a727d1a5d7bef0231310,100
0x7f04e702bb52060486b59337934c205d85ea9243,100
0xfdb3971db79826766dcaf35149db8368543ef633,100
0xe2f444264a6f5266697f0f4ba80df05bb68804e9,100
0x6cee5e950fce0c8b1b03e97d4069f845149d1669,100
0x04fc97db6b6825a78fc80431231a0d7aaf37fb39,100
0xadf71973ed86704d06edce48c3ceab738d3604f8,100
0x30ed73e8bf9ade841779d76ba332aefb9af31dee,100
0xdb6f8650472ad91d5726a8878979b5c0230a7d3b,100
0x770752b48839c4d35b5157dafc128b2662e6c0b4,100
0xdff80ebe6c5f68f9882a407329fde83794ee50fa,100
0x0770eaf405a7f7dca3ed2962182b40476a033e4c,100
0x952c23f8f067a5e7e165ff0e42491f51d87dbc95,100
0xcc4a3a3952597052a0153441cb50bf8235a1941a,100
0x5dd0d457f716fae6a202c40829a97bda8aa7b83a,100
0xce6ab13fb0b7c6a057f4adbb621b87edab6068e7,100
0x010d847a88c3bd79cd15b177ae7a5f874dcb64cf,100
0x5fc4ccebd0ee2cbfd9dcf44a27cdf8433587a150,100
0x1ba66084946fed4fcf34e677e4dbc8cc0f01ef8a,100
0x3420c19bcd121e6febcc20fd502b14a71c2f857b,100
0xff5ac6cdf625f643541094dafc974c9417bfc13e,100
0x4d48df14a698984c60e705a11dd696f368cb3a21,100
0xea476f2c0de77229c80829d9ec950c48a6d2a67f,100
0x8e1751032bbf012c68b80b9116f956ee1beac663,100
0x2365050e38cd7dbdfc9b94c0918735b4f33c28e3,100
0x61ca8aa95b943c61aa14159921627243b97c13b5,100
0xc87cf75874a99752cbad4501e4e9217366d90613,100
0x8ef32635aeeea20fdca498497d5bae42bfe0e693,100
0x4b83b62cec48cf73fce7d63c136e36028de8dc9b,100
0xaa7f0db25e227f0487bfdc0db840636b27fe4c4a,100
0x6bda0404288459cdc35b95a0162636088dccbee8,100
0x42ed432c962b1b74bce82123de324a9751e7698f,100
0xb131e14489a8a52a856407da9d3e7721d4f3d903,100
0x22b0b928e537853a58a702391e56768bad0ca9fe,100
0xb55a7b37a99e9728eb4d195ba5645bdd3f66862f,100
0x9400223bbf0e725034881274402ccdbd7e1e8890,100
0x322b03bdb20f43d1dfc26659c90b52fea2763400,100
0xdd021698cf58d87716cbfde53f89170742f3f5d7,100
0xaf0263deec4b4d89486aabd0d6054b0a3ad10014,100
0x37bdb95fab4496bd10851ff8a04837c90ed8f71f,100
0xdb5198650c8dee0b38d7648aab3e025785ff3f40,100
0x11d0b9058104247be40744b1e5a708fc0ae8f7cc,100
0x6cf9380f5e1a38e3b4c5101c1aa0211603fec13f,100
0x4b3ec91edc5305718278cca8ed2e62bb122a930e,100
0x283fc98ebcac4ddacb80e9b9ec40e61453e1ecc3,100
0x878f9fd975ad96bca6deafac15a96ccb6a8a554e,100
0xb1b260a0bef44ee800d0224d9155ef502dcc870f,100
0x51c82f89dccf6157199ad31a545699db4c71a0b0,100
0x7e9eeea7642356b9ec092c8430d6cc2ed373fe04,100
0x1df70766fd4f025597713f2863e34d7d75777967,100
0x0ff0ea24b0b34b427eb0e05620bcde4990f3df57,100
0x73edcc25d27be4d863271feaddcc88e7697bbcbd,100
0xfa45d06f58a59f2775796ea6098e780ae87640f1,100
0x2481e59a934369ce3c86f019b2bd845dd478158e,100
0x3a5f3fe9cf7bb58e55258757a97189f47706452f,100
0xf998e018691ce66c102bba0f7ebc10cbdab21fb3,100
0x870a0fb115453dbb763416b742601bb191ba3ad0,100
0xd54edf1c4e67fef9105b01fae72474835adc82f2,100
0xba9dd69ea89442b0bf9efa989ac8a04c180cf78f,100
0xceffbbe259cb7aee82a8bf1c8a796aee38824156,100
0x638ee1dcaa4018957095aa59cdb52e73dc2acac2,100
0xb4bd1e7c01ce36135aa876ce04a8d25ded4e7262,100
0x9823e3ce4c66d3db0f1c6ebad2b0a43a2944b2b2,100
0x7918c9a5716f8373b2b767b5354049ecdc651bc6,100
0xe14395037f256114a56860bc4de4a70d7d859118,100
0xb653ce2ddc7d0cc1e8403d6387ba0c2c1b735fd5,100
0x14c693aabe68b175f4ac74a8e08b5778266cbf00,100
0x626125d30a86d3b069dcc3a72c81e4174a4eaf90,100
0xe5f55468585ef91cf1a87aa3af4c830fa7ae78de,100
0x3351571bd00502b16e11ea8b2d4df81887aed30c,100
0xcf401b966c22c10a1fb0a371586c9811686cb733,100
0x19e15a9fe6b97f5e01c697a53fe124d9151c96e4,100
0xfe8f2386be161b99fa3c8d895384aede9aa14d71,100
0x21a840943466407db9729e442e041f42b15e4eea,100
0x2ac44031715bf0c647b3e55522a93eb77b5a458f,100
0x04621637c3a72db27d6f1fc1352480fd4d1e7b06,100
0x2005531c81730066d29a5262cc1a47405eed0c67,100
0x75586ccdf14b3dbbd74c33ac3a6de3b64cc773e2,100
0x1007d24fce29dad61c5e892ecafd8de2612aa180,100
0x209eea6188357c66964f306efa92ba4286c5d55c,100
0x4c42e766ff99bb1d415f4ce3a1ec4c9dab0e61d9,100
0x49ea4121ba8e5dda4d16372431f63744327d7e0e,100
0xfcf3b2cbceab2468c96ccb6f8750d23d91d0582c,100
0x9f7d6240aaf63fbf93469c7fd2f2eaf6149a5858,100
0x602e3690120c4e0d68918e66ad549be9d1f99b45,100
0xf543c9952c33a486af71fa739b44e86b91b93107,100
0x31ff40d157d9cc4dea91fc19b5d7082cbb3cf220,100
0x90881e13980f8499a57009e08935ed9233f0fb8d,100
0x3973e25087b4317f79bcf3c037aadc3976b6f73c,100
0xae2ab9e0374a723d280c3daaad6cde681ec36c9d,100
0x23a719a16b5db2ccfdc4650273ee7e9c42af45bf,100
0x74b244b9e2c7cc85d7da5177f1297d29f54a1e13,100
0x4131958496ca3ffdf86aa5859bcd4fc697981072,100
0xdbc512e8c3fe7593fa5e6c8c46423a3bf9afa472,100
0xe0ab1bfe72e6ace5bdaec5898d1bcc31d718d6ee,100
0xf64308396966b92fef30a53f10b2f81ef620b812,100
0x1058093e2c47626e2eeacfa9d92053a3cad68886,100
0x299217e4ea3453412b407a17b4525b25299bdc57,100
0xce91be11b8198280831ae0b1572ce2c2e2ad2805,100
0x45f3ad4d0001148e4097439eb22dd791e106c346,100
0xad6384a97824069d2f2ba00ad5cb5e57746f7035,100
0x33a1c769f3c9aa924a964470588650033c48f615,100
0x61a35b201f0e8460bcddd74e2da344089543bdb9,100
0xdf34f95771ae2e1dbf56f50cbea3957e3f1f2a23,100
0xd07ee953f67a06c12f9fcf0e0769462c14a0cfca,100
0x5247ae0cb47c30ed0ddd8718f31aa03b14a35549,100
0xd2af3ade7ce67eb40ea56eb5195d0931d7d2278b,100
0xefc7fb62cd686093c7f1cd6f7212348c67d28c24,100
0x16bcf23dcac86c827415c5b9fee3dabf072550fc,100
0x522dd4befc804eb041028f2b5c9499a0d798e445,100
0x1ab91d4d187a6796b549d8984cd488f29e8d2c62,100
0x5322c57e494d6af9f40befea69c78a1013e22b58,100
0x78a9a7da099c437e7d2ab3115c52a9110abb5f56,100
0xd6af82a15e298e0ada49c018c699032856439911,100
0x693e5bae6317dcc2c094eb083c0008838469be0b,100
0x7fdab4c5ac4b4fa83f68ed28edc952618d0129b5,100
0xf385f040e61a12b0831e46e2afbc0a13d27b021c,100
0x0927e30ed79e2a5ae4adc1c0d783f89823f17f3d,100
0xeeda367ee58a94ab2d4632968ea05be4220e6758,100
0xfe64eaa647f97436124703aa4496e1887f844570,100
0x920f40746441a3130b02437a1f2508f3b775df64,100
0x86fc7cb702ca2f182d7758cb79c292afac64b705,100
0xa36014bbc5960aebdbb29cadba1d2e8735c6701a,100
0x7563aaf1338fc160daf8227e7f751865c955cdd4,100
0xf7e442ae668656d6dfa51b2e795e701d04442977,100
0xb197bcfd992ed6c07effe2ad662d63706bf10762,100
0x171814db6dcaa27d2f88b1d31e306abda53e7526,100
0x82823c2eee90d9966008904f03a2d06c98050ca7,100
0x414c683673f807478dc00a2f32db9a04b6bceaa6,100
0x8f9face7b62d2ab3c7625b7a4fb3b54131c98843,100
0x6289325ae4fc1e531fe014e2e692af72908dbb1c,100
0x7f57545737b8f332f0f95d0485e6b2f47a57a2b8,100
0xe00d502fec872c96616340965029b552d1b1af3f,100
0x7223e46b30562dd3a99c4b4fb8ecb67c276684cf,100
0xcae903a3a3dfa70bfa152dff17d64f1fd22c7103,100
0x63d2836d859c420c9cdd16e253dc7a34860fbffc,100
0x350af5846e859d69aeb94fe45d55211316503991,100
0x5c3dd6de3a7ccfd0bc3ff47be0bb4165aa2d947a,100
0xfb7e0d2d6fdc661f72efbbad15735fab88966bba,100
0x411e07616e24fed46c647ef3a6325d4c7d0645eb,100
0x76ac2b7e0dce2a8d8d2f4a3e22e86a4f3268b79e,100
0x4d398724bc8b8a7d56a56b9aac4d69c217a7806d,100
0x54eac3379c16a977cfe354b9522a2fc4d3d5ee35,100
0xcca4169fcd52c6c3521602b6825807a0aef6e442,100
0xbf6d0b6edd88dd1387fb2390ef96b6d1e3b1763c,100
0x4ceea8b467e5742443420fd96b649472b5a73889,100
0x039d09db5f8f0e6066f681c0d73a1dbe1be899ae,100
0x89f5135a24b5eb08708fb0782ef386c75d614b4d,100
0x70639cf64b46a3a14f0daebbf11ddec89fef6ec1,100
0x68aa8611f7106531dd3b71e31d2f10053337967c,100
0x465fe38e14466fbe3957dbb6fc99e3ba0b5b8c63,100
0x62989eb79a48f3ad7ad0c8918084fe1aa18bc92b,100
0xbefca22295520d4ff9031bd5c9bffb26cb87c8dc,100
0x2802907ab681298d35ce2eaf2415550137c40c8a,100
0x3dbadc86d19416ec16d81aa07ff2609e6241e7e9,100
0x1f6893034525ab6e23f98a166eccb52f673c8e94,100
0x7e2b802a4b4f5acb033e4ab34e2d80bf8b2d2a7c,100
0x83fdf27afe3b5a62410b1e4120f7701424bc938e,100
0xc982df5e90a0f531fc646a471ea8e278ba1ec07b,100
0x9731b0c8436c63cb018a9d81465ede49ecb0390e,100
0x142dca5bcec2a883f06dc7055c70aad317e5e137,100
0xa4b9f24be00f0551da0842baa170c006b63ec798,100
0xc69ec94f3dce57b622d790e773899bc1d11a8074,100
0xe1bdff947510a8e9623cf7f3c6cf6fe5e37c16b8,100
0xdb74118e3ab9c878b4870b7dcae9a9ca6e85f079,100
0x834c673130c085057531f227dcbd375d803d9a98,100
0x46e52a6bb5178151c5b98de52fc607860c84e8ac,100
0x8907e607e1e00bdc4ed342201e8b8a11a6be0225,100
0xd60977656510ee5ee8207e9fa61195bd1f5ff478,100
0xfc9ecb72237c7056f81fac93daa570ef610d80b2,100
0x8029c4c55afd6f0e93ec080c5041e7e62e21bceb,100
0x4d9d7cb90fc2fe7c48208113c2b7b903b3e4e4f0,100
0x66e3f1ee17ab68849b571ab775cdf76a95365f67,100
0x18bd2e8b69e48c5e6deae13682b1f78d1c260bf9,100
0x41392f13bfb513fb559ef7557b675d584b62df49,100
0xeb44f3d3a3c318ebb15d523089fe0dfed34f5f5a,100
0x56d7505daa2d3614f1fcaed241c3e6268390f6f2,100
0x01a42d1e00dd1eb0ce9e974fcd170f8c83270d0e,100
0x29e0f30d00386467616192e5eed33235d49e64e5,100
0xdb41a7035d57450b61b8bb8bf2fcaa84fd0b6e06,100
0x816ab908fecb22a446afe6eee34ecec42843dd81,100
0x5116abc4b0e9799363da21e63d2a55ade8262b47,100
0x05516ae4d19583dddb20a3ea37cf7967e1996449,100
0x17f63e5876702debcfab4d608c49d5169d7e176a,100
0x98b283dd29283abf548dc3c63de7f3378c5886b4,100
0xc349a10d1af8c0875ed2274c0ec9012cdb5739fe,100
0x6510a29cd32831cc4eb8aa6f8678a39fd8ede339,100
0x33f880433156ac49433e50d7a07b8da58cb6b43e,100
0x2e23535776670374fba93addfb528cddd4b0058c,100
0x5b56a07f155ba5e03bc6c91782e3d5cabfad6d4e,100
0x732c0ca604bf19ceb9eab3e75249d9567a076a52,100
0x3a409eff50a47aeef294e3f0bb3874490dd99abc,100
0x0a1a5211c24efa3278ff3b36e6c362dda9df019b,100
0xdaabbb932725cc1b3ca487ee174b59cbd6b0ec98,100
0x839b974b091b53d7c6c32237f5165a4117538133,100
0x63e8e73e1760a8547326fed837062fef15df587e,100
0xe9725c54671f9bd936386f986c1dec70dcdea116,100
0x0a7948c47ebb09b31c2daf291540959f884a4f41,100
0xd5a089235bf8c6cf008b414c8853273d6ea07191,100
0xcc46a66fe705e8de62f209233be0d5a7f3c2939e,100
0xd9546b6203e10eef91b79dd02bc53859eec03069,100
0xfe09c68917e9bd70f1dc739128a3b53bd5be8e6d,100
0xedc702776f9e6681d5b29fe9225e10beeb3b828f,100
0xf4cc7481653b28de1afa1ebe219a8221bff0b05c,100
0xd9d506a154c27d68bf0e3e76a42f919d90ab6e88,100
0x5b310b6837a32da144355d63b4558b59d378393d,100
0x7e734bdee06a6d7cef3b9d94baa987b9ec04f6c5,100
0x384730869098036abd93f2bc2a8474fa3a2590f1,100
0x6a134b304c87989fa7ca3356795c9683c2b01469,100
0x13208199b17a47734f208986e34519b6bedfbf96,100
0xcd21a7e327635a39227b50a650018a2970152e30,100
0x7e5caf180bf50204187acb90cc9c5a1f72091b71,100
0x7298e9850d57ca5150195a41d7cc34f8fc6b3afa,100
0xb85d2dc2caad96e646c72679866e959257685342,100
0xabf838beaa7a72be282b34054ed1d633b3176595,100
0x428ffeb7b691def2bb5f29513ba2c1851bbe8bab,100
0xb3dd070abe9b8920c28c9d5cc37753bcf9135673,100
0xac98cd0b15eec3f8762b4bd111edf669eb13a387,100
0xd4a4d826c33251d316a96b0c4965fc49cf157a1c,100
0xd801e5c154d770814e4debd1ddc8214c39720bfe,100
0xf4aaf6248815e9fa76cef0689bb6dcbaa3a6ee4d,100
0x8f3d7c5cf34d33df17627091ca16f129e91395f5,100
0xaa90fe3826cc9ee2f20385e31834103e299d852c,100
0x4fa75d1a4396952342afee4a2f8ed20417de6ba8,100
0xbcc061b11c975f2798ac8327ec590c51b9e06e78,100
0x128ec01c3a4d5ee644e382efbe9e7e00d71533da,100
0xfd7b2400fe1fd266e11af6ee8ec0352d4fb52458,100
0xbc73b32b3e6d6c07ecc53a99d36ee20474cf9cd8,100
0x631e0712a88fd0ba08b18ca43b1c7a137db3faa3,100
0x5ef6fad0dd7da5cdd5be908e24a7e3b5e18ed5c0,100
0xf7d60e85c6c500b056cec5b26bd94dcd24ef723e,100
0xf6e41cc3efdcac73983f55b8023bf2cd7d19f534,100
0xf9b252a37432d2cf1f8c34584e1b2c085bda38ba,100
0x8050c1ef46e723a18676fcaf096225c5c46a15ba,100
0x60913b55ae54c325be3a8960536f1266aa648197,100
0xa1965525607fa3504789b8b770c911d05725bf5e,100
0x6bca9938f1dbbcf3d48b565345d675e5c97163b7,100
0x0ad93d97196fff88c4d7101006901305b5f97ec2,100
0xeee20f654dc8c58a1638750f93cbad6c19026d0d,100
0x6666664f0e74c5a03d37782121659520fab30c79,100
0x9208437412efb6a44eec4e84ae0c2802adc5c52b,100
0x3b7e09a7c1b17f0db3ef203c1fd5364cafaf877f,100
0x8a25bf11daa507708e242ea4a0d8ab82580227a6,100
0x7822e7863c9ca7cf1c3854e068a81dbdabe1fae1,100
0x5bb2d105880ae9dd13800861207bf651a2f02def,100
0xcd960638688340e3456b51ea3cd219df11a3a2a6,100
0x84e3e0f568ed68b4f6827fe797444b3d5b1fd8b5,100
0x3d110a2521e7ff0ee5c7947b0ca4ed77be36557c,100
0xc51d7161ec1920f1de836b5d48d9bee35a316dca,100
0x0c790cc74668570526163c37144a9140bcf261da,100
0xca691aaa3bebd65deff1e71c1954f2710eb07adf,100
0x4bb9aef4436d068f75529c0bd71a9b5630371e4a,100
0x841c1ec6bef1e6b79e3a9644bc956ebfbb702fa2,100
0x6d8e9b3ed089a0b358b4d75bd8a8722b6415c05a,100
0x5700fd0678180f4eebfebe93fcb0efdbbf543afa,100
0xdfa67ba0c22fa0dd142b1f3e1bdaf814de2668ab,100
0x21c1a16ff415f1adaf1ee75757cf2ec07af1d631,100
0xba6130316fe7b1adf1f625ac81653239efdd9e35,100
0x44e5a8424d2b1ea2c72819181e37a45f3dec2fd1,100
0x59386d9bdee3e66ca7b8e3d34e788d6d14618288,100
0x982be8bbac59ed7e9064b23fcfee38ca909c06cc,100
0x0ca1ac95f83e548928a80da4dbc792629987a4b4,100
0xeca070af51833a518ebd173aa9de8cffa3d32459,100
0xbfa62bafbe913971f9bd35ecf4c0f2ac2d7bd2dd,100
0x069ec714405114d21a191cc497a0492d46d28f1b,100
0xd0bb63e2c183db414977eaa6b547601e46e12ed4,100
0x39bf7e17fdb0ec63e0d00da99a3d5282d0e1a58b,100
0x249a8621eacf869efa6a5fe1c4c697dfa818e237,100
0x304160997e2d06fbfc0f54a8a714dc4cdf7b9e5f,100
0xbc2a21a50d88e0a48b75c0a5516ae51bfa45ce6e,100
0xb941bf8ac8c147aa48dccbc82fb00455fa5ee224,100
0xcadfbc1cb0848edae45549d56ce39c8c0d209c48,100
0x6b66885876e166bf666a057d05a9cdc95b786e5b,100
0x0438464529e0765dc05a035ac2f9cdbe8dc6e660,100
0x224fac5db7e83afcc9f1525872b59306ba5f9a65,100
0x43065bf7e03995e8be5fce60299841a4ac18e0d1,100
0xc7a85fd33ab8fe2f64a20638c7510e3dbe863f1a,100
0xee52a08df7f43535d46d0280a9143b4e14cb4f26,100
0x2f5e5b638aea1f5bb1c767f53d27ab7a9bd202fe,100
0xcc8e9c27035270440decd3c39d646be1d5a654bc,100
0xf5c3a0acbfb6a5c113402f0f3e2953bb60beae40,100
0x1b8066fbef8a18c15a72a1e5b38fb759718ec446,100
0xd5eda0f579e31df795ad2b0d01d65b7b36a0b0e0,100
0x1f85eede8ef9289cf8d8ccdf3edf2b281b31cb8b,100
0xfc829dbf7d16da23ba5992b13a2f7fb00d0cabaf,100
0x9da01a497fcd6d982b41e84f6bbf3917f261a6e2,100
0xebf6caf61daf53dc92b6a9b030cf642fd4c1103c,100
0x2676e82e0c7457183f823d51e2b00b865a12a963,100
0x83f4ed64d635119edcb539f5de1bc192de3d934a,100
0xad548a12a432edff4c722ab934a34b321e9ad4a0,100
0x9b12996fead2ad5f2f0bffe1db98e056ab9ebe5e,100
0xc055e704f042119617863ef48b8f42713c3fb2b3,100
0x17e5454cad649a91d8a6480557f814218ad3f380,100
0x974f7dba57b61fb51f6a707fed8db4294a760a78,100
0x8f3f74cfaf37a7b70a85f036cebdb1153f7e1585,100
0xcf5015107e11eca6d8850b8582bd7c014dd69048,100
0x6d9104f626d7f4145dda92cf06c336f82f2135e7,100
0x723a0d1229029f2d5c6351837b7179b05127438a,100
0x8d071d4885f71f4e34bb3b4b2f7aa719768286d2,100
0xfc55d885d2b125152da666700bfceb8dd8141da9,100
0x5d46ed7405a8a87492cd139fcd38bce60cb5030e,100
0x9cfdf1268ef3c454b1a21d39092ed2a88bdf7715,100
0x0a06f85c8bbd02578ad22c463f8d17276eb4987f,100
0x63d120169f6a7fd753031a8d4f72ba5663f9d85f,100
0x66da34607942ef0bda4fdb4232fe6632ca4a76ed,100
0xc17835bb66f8d60b69c80019bb40deb1f2685a7e,100
0x7c2b76e236551445eaa54b0bc523bd03b83d2456,100
0x03bd66e09647f5fc607fd45059bee1c42f8bf9e8,100
0x63bf83c11c50627f44119336a3c2f616b7c65228,100
0xda3605d79bc9e6ddef9bc8166c922cf7fd7c01a0,100
0x1707de9a8df092325a52d3eb1a7520f5a3bb0683,100
0x6df0dfe2b6b13b6ba51ba513ffc65ed4c7cf2bd2,100
0x67037eaa4b4ca1e1bafec5c9ec6dcb732d43d84d,100
0x9f9af9564b98a4f309a63588fda043520a4609b1,100
0x2ef29672fa45aaa6cc5d327f7e81af9eaa3baeed,100
0x2ffb95858710cd4905f90cfab7578e14362f4f76,100
0x5c418a42970368f0b63aa23b2bcf1022e3b9d71d,100
0xbc42c7c245d682d1d3d2ea989568e34ade4fa5e8,100
0x28e57a5ecd001ce51d8ae99cf1d6aa572060f752,100
0x611b156714c055312ab0906a90e46e91b3df1a68,100
0xe38bd9488ab3a74793a18981c3b6179d80d6296a,100
0x857e7a6acbf36ea476bfc08ee4ac01ee2e7a1a7f,100
0xbf94c56c83f79ccbc55885232432e18d7e8be124,100
0x17a5a3518492863b63e46f83e0aef1f708ff037f,100
0x8aae84404661e3c015284b20b74c7a62ed29907e,100
0xacbab115d1a2f788d6f8d816d06f042afcceb667,100
0xdcbd3cc0db4fce3b7ee09bc1101bdea80f09c75e,100
0x43d161588a2f91eababa7209f957e4bb5647a697,100
0x0095631a2a54bbef0be83dd83257218adde74638,100
0x56f4baf36e691b1aa2a9acf326efd3f6ee3537c3,100
0x8df69f903f2a10a7f829b1ad5f4938f4c36e9c7f,100
0xf2bb0abf226b2f67dce3563aea34d1670ab5be97,100
0x542def0bd5c808ddf56ebd35e84a4b1650518a14,100
0x83cf86cdb756c4e5c68ec1b21fbe7376b9d724ed,100
0x9f6335b31ff315cb2e897ad2527f20060e35cbc4,100
0x6acce40d07bdbebb9dd6d7abde979f622eedd01a,100
0x08f0d02aac70abb7bf137b7d5a6c754825b1c432,100
0x92b04d73c2c87c500de833005bc741ee5495f2b6,100
0x5e46a8ecd4f4f0737ad7b7d243e767861885ed06,100
0x3c7d5bb537abae440e0abe552342f422a4b1e6c1,100
0x4865734b33c7222ab34832f9d545774365109b0a,100
0x525b6b8fd4e237e3a29540b453e5c2166dd6947b,100
0xe86b8751afd8ef110c7a8282649338f13d033d0f,100
0xfbe6d9de666a2451a02e47596efd0a6f6729f24b,100
0x96d5598105fc4c2b9468873da371ba00e353b38c,100
0xf22832dc297941a7b3d0368fda062ca1c083e2c5,100
0xec13564bc881aa25d867a70bb4952a46f59b41f6,100
0xb28ca6ae45c38754351c1ca53940afb8c9e16c6b,100
0x405c911a6e935a048b1f88cf3bf26aa85877a6eb,100
0x188dc00b488ffacdbfb4aa6522bc9ee25d524b3b,100
0xfddd8e89dfb65fe2da8e907939a281135ef3802d,100
0xc200b58a4b620a77df3c4415ed07afacd2fef43a,100
0xeeb74b6dfc13bdb8fad09af3225433ad60e06d41,100
0x8bf5d4e0877fe0e0f4c1da7b2ab4e4eb15d15b4e,100
0x71e5ba181bde54aac2244cd209517b245e210042,100
0xc2345c9cf5da0bede0c334152b623297eb6259c0,100
0x6b14cad4e66f84ebaf0f9a72eff721ff910c332b,100
0x477b2b77698e57541ec23d759baf45c949a0e7a9,100
0x7512d97d199ce59d4c08c0d0274f2c166d692d35,100
0xf92ce1ca21469ac03c578611a5f49af21dd2d427,100
0x19796a0f111ee6e8deaefa9b0c4fae6750395d03,100
0xdd522d86d24694a647f003109ac014f7555d5d75,100
0xdc54cf2e92be707b334921abe7db5327107d12f3,100
0xd9115c306f790eb22b079b6f8b62ae30df3e1365,100
0x24a7750d542c9322112c84f5192fbbea0295de7d,100
0xc7db6252aa43f61e5d296390a3ef2f9673d95362,100
0x45168f49a85aaaa8dc75b0425c1a8133dc1ea37a,100
0xdb92022f0dd2cbdd71c655f757d96855a9b9b2ab,100
0x932a33fb93da7e259804b47ac471b92e474416a6,100
0xb39e1733c19e3967cd45979f71049f1c36eb7edd,100
0x91ca09b6e2e1a175bf6f0e8f10cb6032f6acb188,100
0x493a8d2b62ad2dcf4609d23a45967560869a3970,100
0x033cd1686f53d11d307851f6537f307967f400f1,100
0x85c51352e9c96b6e432646956f1d48635dd61351,100
0x3756a41f2011d4e89ca3adf2aa2f73e934d91997,100
0xad5fb23a0f8d0568c76448a34bbc83bce600cf43,100
0x4f108663e4716479e240e1e77fdb2af420951a59,100
0x0e690b352584d42fbd62b59d03d97a6d8fc5eafa,100
0xd95e4570c475a7e3ba33f45f2aab74d5807f575b,100
0x8800c3f2ad2e55ac6cbe0d2daaf01c51646f0efe,100
0xe66b6fbd01129e54bb06fab64425baa4fb83ffa6,100
0xbe8724accdcca4730c1b6339b436efee45d1d5f8,100
0xa94fed541bdc4c82a02db3c926dfcc85d63d526c,100
0x83ff7a2c62963d1134152855dccacfbfab0c06b0,100
0x85bb49c5b46200b698aeb048007d0b03181be4af,100
0x12ca03beb52eee3487e7735985a5666ea33d350c,100
0xe6939df3303b88f4fa928b36352f7a178683279e,100
0xa5cebc4271c44db73d654d92a24d795d4e53430d,100
0x4f5392ae5555e673d256a9fc4b88052522f9aee0,100
0x199bf7e9af43463b9d991802b4bad85636b5d4a5,100
0x158b7cb768e0651f4eedbc1f3a580b859a8853aa,100
0x5fcb599c768a8978bf46fb39ca0a619cc0e5ad6a,100
0x4c272bb9d7a99f1517c94c5b1f810614ed4242bf,100
0x334c5b9f732174caa4b7a67d2178b7e74a527003,100
0xf49628154b3f3bafd7e074b525ec5f520641289c,100
0x4af131ce9f25ff9def73be2cb970adb9a1857f50,100
0xf5491c4929d71b4aa8235c9174621563e937093e,100
0xcf9e8619825b2149e3671ad7a21fd50a459a4585,100
0x3f57829131a943d73e899c63556ba209bbcae9db,100
0x83fe55e2909a94032849b80f78d96ab8a45df422,100
0x5e8b95244025e85514faef44eefc086a23bd5793,100
0x0734373d5a1d64b5c86d87c364d52add873d113f,100
0x87419af5c118faad660d2de69f3dc9e1c04b8af5,100
0x3cf0774c43218c863498da28cbd5de137b9f6dd3,100
0x64208d12c45a02ce784546131fe15689150a1001,100
0x54c56e4e60c367d5f7dbd2d0407352cb024b3fb9,100
0x4868af93606111c508605774720345197329598e,100
0xc58d054217281e665412c45271319bf951f4fb2c,100
0xac41e62d022c28f939e8b71a977852e58a364cd0,100
0x4dc02d94590e9f8512404404a79ab34ed1be73c6,100
0x0d0c7ec1d93e10b54f6c72bd5498917e4065702e,100
0xc37110cf70e729bf8f668bcaecc1b7c700b627ea,100
0xed7b660b7cbc62393edc9e8f04653e834b508800,100
0x32dd6062352fd19718f64ef8a62ba87a6526df3e,100
0xd67515557f107847869d652d35050c345ce7fa77,100
0x1f59dc4a0907279093217f688a20af8e68496e4a,100
0x42a01ba13f8f7fc3999fec82cccd1f7459800487,100
0x9caf23f23ea8fb699720cec4d0086e794b4cc7fc,100
0xbf7ab3623fc6fb168ddeb3ee6529673076516b88,100
0xf63266705a3d615655fe16cf60bc775e502d83a8,100
0x706d463dd54d9f65fb991ea667485e005922cfa3,100
0xed8ee015b85aaa6d0881d8261565b7eb98860cca,100
0xf85c9679fb824db93d6ed6a8c882e0d68bd2d900,100
0x98bde8d70e441ddfca1d574b830dcc842a83d5c6,100
0x8b257b97c0e07e527b073b6513ba8ea659279b61,100
0xea625405b954dd3278c8920e13fdf5472006b036,100
0x03f7fcbb1f059b3aaa730b4169b038f5456e953e,100
0x25a35407d42e86d1e440042216004f516830ee44,100
0xb503e2f63704a6d327828a6592585c4b92ab706f,100
0x6e6e5c05966373e5f55d82e6eebdc4bcc002e146,100
0xa5ebf7d82ed61e2b716141df9e68c34f5d0c854c,100
0xb5106250202cc53eed500ce06cecc8984319d5bb,100
0xbb1fa2ab10882399863efdc0b971f1529fa09957,100
0x37aa11c75a03efa7edfa155c80a0d8d2a8b17547,100
0xaa556ce6e5a8c16b63f571ff9323665f2a2d7edc,100
0xa41d6db0849f55f1f3251821af18ac48541d91cb,100
0x6afcd57ab22fa837c28fcd168725ee43463ed7ea,100
0x2f9ea8cf0f379b387ef2f3fc9e56b75921312289,100
0x0d3f03f9614eb73615f8137c166b3b2c98e995d4,100
0xce066df39b6f4e08f27b2d86c1a85bd25b5bcd4d,100
0x16d6fcbc6b6ed4c8392e4a677ab628138e6ea364,100
0x4dee3621143d78b2d84ea686bcfcb116b13df2c9,100
0x9dd3fb0fb7cd9211d13b04867712987c0e2fa197,100
0x532c61830a0839666e844044c77050e7e65dd860,100
0x66ad799a7642051cfa76ba8ef9fe4881649ccb19,100
0xdd4814d36b935ed5066ec3e4a14c0cf89fe85b16,100
0x2b0314dfd31a4c00a49396521dcb6093bced1e62,100
0x70b6ffd126f3beea3229d7877a6d1a9902221af4,100
0x1f86be09ee26997f85c04c2d9f66a8ffbc606388,100
0xac39076c0cd15079cc3ef462d9922ebd81a25ff8,100
0x7ceccaca103c26e551c414923501c2cb9e99483a,100
0xfcbdeea9e5f3fa03c34dbaf304f26721c9f00acd,100
0x79d1ca86ee44701f70bae5bb1283b54659c3e188,100
0x7b8ebb788ae343400e8f4a9f405cf387a9bd9247,100
0xc208934e867dfcdc10e5ab58b631d2c3185edbc9,100
0x965d34ebfe59f3322f71c50b27315a1254c8d60e,100
0x88ff31b90635e906d3487f6fbfbc7bf7c13518be,100
0xa2ae15ac8450f1a3ebfc04eadcdf6bd7067ccc77,100
0x8083449d8b0921100a4be6708f95406a35606f64,100
0xb30d0fcc7d83112a9853cbe7433a3a813d93aa1f,100
0xd61e19745f6402fdc0a81fa6542f9732df635441,100
0x801ca6a22e666145415e6215406dbac9764a38bd,100
0x8b89ca9980df59f188d5c3809f64aa77f362fd68,100
0xf08cf25c6bdff79c0809d04b73600d3a18d84d22,100
0x46c836e99f5846d47cf67e38c3c613ad3b8515b4,100
0x504a6ad3116525d2fa9049f378189d50c522ae81,100
0x11442d1f4c85a7352a18b6b05a7671214c48679e,100
0x3801d39f0f3d5eb42218133f10e26a23c9b90fc9,100
0x1727cc0e735fdfa21750b696ef8c50b4076389a8,100
0xa02c03c0e8afdbc0d8b4db78c0d851559a3c7cba,100
0xa4cc0ca30426014728e9a467dd75520a4a21b1b5,100
0x98b86a017136f444c7a51b02b8e446053ee66624,100
0x65d3083a2c99c1f70a7e7ad145e8100bbefda438,100
0x1ae77a3b1edd574913871c566d4c09b939eb6f2c,100
0xa3c322a506c80d9a3ff6eee1393629feb0b1ba17,100
0xfbef51fbab7ef54b523364ce229555e378908139,100
0xf2912b363d346f963bf45651e9599136f7ade696,100
0xcc6fb6672eae0a8db5a550fff3fceb3c494fd806,100
0x708d069a2ec4b4af7a8e604c81ca544ef91e5890,100
0xb814e285577e329009ee68605630b98b21f9eee3,100
0x3a4bb87be7e914107c1c699b7ce61fbf26637b7f,100
0x47b991df4f4471f8c3b368e60da4960aeb81d7e4,100
0xe4fc240625df294667ba8a4777cb634f933908d5,100
0x150b7f1f149cc9473e41d5bb84b030d3069e483d,100
0xf2e97872af697b6b0b176e9f5f9286a23f38e13f,100
0xcc39402218eeee56b121f95503083253ef2330be,100
0x3e50558216250e883691a63f4463536bb3e2043e,100
0x5d35b11ba3d0087b48d696928a5e0f42b42aef29,100
0xfcfea781e5652b5cee1c0693429b246885227f83,100
0xa151be6d9ce979b5311ce4a6c420ba421028f4e1,100
0xc4fd743fe8c4789eb5e9f233573339b77dec77a9,100
0xde1f9406dbb518f702299cd8fb0902e7016e7476,100
0x92010b7d2d5ceed662179731c0ffaf07d038a983,100
0x34231a6b9a27dbf7295989952673b34c405bdb13,100
0x014e194e224db46b686ba79f1929fc2931157255,100
0x10ba5153868e5b79fac3fa23995bd4b8e1710644,100
0x2077a9905d58e6a2e463eba553d861f01777a037,100
0x985390cba80d70c6891d51707db3ebb068f1be73,100
0x38a7d735aca3c939f189a92f41cc1f34da2907d5,100
0x5e37fe27454ec6dcdec1069c374058985f630318,100
0xb12c659b4ce484ce8d70b018842c326476ce4e68,100
0x0becebaf3ba4b6ed68d82b955cc5faa960f189f8,100
0x1876a1d0f542f3256eb0ca76a758a84c71e9d8a0,100
0xde50b02c8afe9bbdebe691f835977d5f6265b470,100
0xf9e9863beacf2715dab7b9f6b671f8d0fc8a8d9f,100
0x2bc6a23b7181937582583dd24bc52e9bbc080ec4,100
0x1faa38df134fa6dc7650a25b2249d74744ca310b,100
0x26f55a16fc049abec9dd124c5a3044cef2e60039,100
0xebb410126500f1c9289280a7002ce8f203d59d44,100
0x22b819ed511b4174c2381a585d5a87476bc70841,100
0x9d64b861158eb299b078672ed177a52b4aa7feb9,100
0x230cff65496f715ec6fd2c8bde0668ca48a5b317,100
0x45225da74d1e44c17be1c7f955cf329bdc9ae809,100
0x1f17b7803602c29da5dbcb88760a179c0761e086,100
0xa2d77106dda6399868b42690c0ac374d10519dac,100
0x41104643df82349d09288b0db81e76f3a03e8075,100
0xaf312432bd0a7286c710a25f143df113702b2d5c,100
0x454a5a7f6377c4ecb73492e25e3c9bccfc1f3aee,100
0xd4936a185954efa7e9a19f93957b51dda04c8872,100
0x95ae56ee16567b474cb36f1590e2c827a39a7880,100
0x23147064eafbfd40cec80e3e3516a5901c501c06,100
0x7656577c8f7cc697a8e018746be8426714f222eb,100
0x5c76a5f3030c74104b803e8b8645498bd4c77a19,100
0x38487f3ee8102f55932aa8d7d0df0b7b2b9bd6f3,100
0x4f278cbd9c17164900795ef4861f201aba7ab0c3,100
0x3ab532433ea290ccf710ff1a2e45b69373655671,100
0x50b1baecd5489ee9092ee76e988d669a15a95e69,100
0x7b5f6779f79674094f5bdc4be1522c290b045579,100
0xd803556e336807fab0b52772e7085d8193fe8da0,100
0x4fbe01fc83664a212fe89ae3d57489678bc80ce3,100
0x51489aad16bcb7fd309bcfc5e680d63c302b02bb,100
0x4f94875ce1ac787a141db0ea79ebea7eecd2da97,100
0xdbd28654d7e6268f62f2ac2212abfe4bf7fef82e,100
0xa593b41e6692fc3c604b941876901f22536c110b,100
0xdc486f4359934a05d1eb71ccc339cb9a9fb544f7,100
0x2220ef611140b1e77f87ea151901c5c3c4682f4e,100
0xbb448adf3ff00887ddc0973c3a95832e22ec13bc,100
0xecca9b0582d7e12f2283a5dcbf16f2bf895a1d2a,100
0xb2a273a8053744bc9d41243529ba2d322bd7c1a7,100
0x8f72241b98f16f534f3149e3b18c283e617a5728,100
0x268e13843a293ee937954225c5ab20fa4fa282af,100
0x33a9bfee325f51e12e90c8001fd985232b18fc31,100
0x8f2fb66e4fb246a65f0cc0a1b7b6c564678bb780,100
0x9d42161bcec1b80e5c92dcd00bd788fd810d903e,100
0xabbc7bdacaa52150fa560a581eb50d432ac76de6,100
0xc7d60bfbb559cd11e148dbf094abc9b77c57357d,100
0x2f07ffd634cce7e4ab89a65fe4a9248c81cb8513,100
0xc72907ae3e2cee4e3c5e4e9520ce9f43aa49558f,100
0x5a8218124d9a48b32d229ca4849b3ecfd1a9e84b,100
0xd7d9d2dc8adf864f17b2e0b4d9a62605f5441649,100
0x97d9aff2ceca2588a5eb66ffdc73352aefdca481,100
0xf21d63272f3c32659d50f71ed6e01d4305af0dbd,100
0x5df25e9a5f946a105f11477c170c530a43bb3ce0,100
0x679b43e45c7b815003d9df7cec2259ca4bdd46be,100
0xb4f40b351df409f887efa6e1fefcee547dcc8886,100
0xb74a0c3ae362163ee7e16b51d4ace67e5aa6a518,100
0x6bb1d78eea09a5c3b74f1a215a1069ca79aa588c,100
0xa8e2b8706347ff05667a227e1953fa00ebe8e4f2,100
0xa16fefc736f4173fd7a08668d4089a59057ec9d3,100
0x7ff42439adb8a037b48e241d335ee71065647a11,100
0xa4a7c860ffb303cfbe77abfb819ea13b961beede,100
0x3bcec5253e776bbd35dd5bb4c1c81bdf9ccd7b27,100
0x2a63c5d7fc0ec5c328503d2382a426df28a1466c,100
0x0144edf8ddbccd66ddc5cc9075a6e2cfa937b8de,100
0xfc02646786d7a952c4dcb3d6ae7f83d22e37433f,100
0x51f7569c99ddbe114015e4587df2d0316295cc12,100
0xc40190723219e544d554c8cb7ff86ab5ac923a67,100
0xdf2d78816b202d0b10844b550c2ff064abcf944d,100
0x388dc99fba7b182f2ff27922318308401e77cf30,100
0xf1cfb5b85020cac2761d579f11bd2bca2a240eac,100
0xb5d06c533577a6ec7eca4a6d92f3024374fbf2b2,100
0xef8d2ff08ffefa1147f110b45313438bce9daaaa,100
0xd5adfbd79c7e1c5df217031897223bcfeacb5f76,100
0xbe000cf40c4fbff89c569b9d7b744cb3f0e96a2d,100
0x0b25233ab8e591ce55b5c7437bcf00b79d0cc83a,100
0x67365223ccbaab0141e02567808dc673924a4421,100
0x3d0ac1c6d4ff4fa879f01726b7a4fab6cb067426,100
0xc1695ee3056b54e6e95a3bcfccd84b29bd481571,100
0xf93e0226b6d6932ba2373b8933731c999e54b2b4,100
0x4e277057f1c5242618cae974f71922359befb2bd,100
0xd56296fb70a301db48b3fd1ca9fb31bb74a2e2fb,100
0xf774544c83763c41f47b774685633a68e7e53764,100
0xa0ee2484efd8a02fcbfdaba11acd4732e583e810,100
0x1b555768f20ddf29901f94b012fd366022007f07,100
0xb854edc1885af89910c1042e58c038046d3c9b81,100
0xb20009e34153a7adf1099c44d815040e2ae093df,100
0x90a733fc551b8141f6791de834fd3d865ca881eb,100
0x28a7b1fbf95d1d0e5c05780c16c3cc4daf194c1a,100
0x4e54187f698085bddd0d4fbfb9b28b72bf1bcfec,100
0xb30a809fa6bacc61043c5042ee68609dca895d00,100
0x39181c567d7e295a4bd5a090984064ac0a9d5d2b,100
0xfff69ccaffd53e68b056d0e7d24fc941b033eec3,100
0x93b76dae9712cad65d0a0284944d6fc6fb3fc0b6,100
0x25f0fed9d4a0f724cdca005c94cc2edf773991f9,100
0xbd37f1579b19e75999d6e6e81632da1c57f4120a,100
0xf46329c10b0da60cf77a8fa6054dfcff9a5fe236,100
0xb0b2c7d9cb8caa8eb0584b662dfb5889b3551326,100
0xdc2abb247064925a786f7696c21979d7c74f4f3d,100
0x05e6a03da8b477f645fbc3ec73a6adc22ead2d2b,100
0xfb65e66704d284da343c84be1e7dc4e1ad46932f,100
0x3816f40408047649064b27b074e5037ee88abe93,100
0x37e85b635a0f3e5e4d1e78b116ca1245f232cae2,100
0x7e779ba4dd80c6b697f3fc1451125c88cb1ebbe6,100
0x694a00cfe313ed063c66d58ccebfea70685b3a09,100
0xd478a9bc2771976db45421f36ab21ec1653c9df2,100
0x29f047e495c6d769572fb9cc7cfa2eb2e8806012,100
0xae224b962b9638349f5568ed9d06508bccfea599,100
0x0bfdce3119741d8d9d7d2a34719a40986a586fe1,100
0x02ffb9b4bbc29f9a59b20c541d369c5add62a5a3,100
0x062c6e0cbbbdd0f5e34d5341d1fc9aa948b9f0e3,100
0xdff5628f8ee8bdc2f76fc1cb0eca8d4203bfe47d,100
0x0c471cff8ada7af55a642909ed793f5eaed842aa,100
0x539871333d6633c0b992302c74b514d456670371,100
0xce33df16e7d0903aea063580dc0ec730b13c0805,100
0x9356ede577601cefe5bd59c90f61385c159f336f,100
0xc6d78cdc18e3a77c54cb4a349c19b9cffbdcae17,100
0x284966243d043ced63023d36835d0ab76297486a,100
0xf117f4edc019e04138a47b440e619d356a40d36a,100
0x648f630ff680f2df0fdd002f13741e145e380303,100
0x283a98aac770d41b70af1f0135fee8e2202875cb,100
0x749eea519b5adaf1c415ba590a50f3acc63e6bd2,100
0x3cd167ae147601e0be940fba91fb88b41d400528,100
0x33685f2865381449ffe9e41760a96b12e2e16d0b,100
0x43885f4595186a780089a74f648991f566fce076,100
0xb93e6512a13c525e2b89d823c22b7c866ac3e96e,100
0xacd4e2556b363c1720184ebae82137211a773642,100
0xf5e8f65217b64318534163bdf05c3e1f5331758f,100
0x419b37399bb222bd830e8b64b02c5ec87f144927,100
0x6154ca9a265f18f69d8b11520725a76787e1ae07,100
0xb5875dc3ce4f534d9ec09e2791b4e440366e66ef,100
0x3822b6eab871cf018505583cc1a7b451d695faed,100
0x1b6f395577d58755c626c46945bf69429f9d707e,100
0xb2c798b7a6b72d8263576e7896855320e5578541,100
0xd5d82043f0b50674e46b375b53b27da148e9d719,100
0x61fcd4df8dcb0a3e9972ec04feaf9a1bb0614f4e,100
0x973a997203292adddcb5fa86cf022e489c7b63bc,100
0xeb7710dbd2f5aae29c200ea5d2afc12e2d496b99,100
0x62c9f4f2b45d022a3402f6b824b4c3e281fa5f19,100
0x7e953772b8d134a4546f34519d6803af2d82efe8,100
0x65818dc7ee0e9edcd695cb5c2e6d44629a8f20b9,100
0xd14562accfe4fa800a60a67985fee3d3aeb58f09,100
0x72a31c33b18107fc2e7077fa4c6b811272ffc3ad,100
0x5fc3b18b83b88a31d2274019b2519801298692f0,100
0xced7268edc88b66d693c67e49b7d00d549841538,100
0xd241c79dc2caa1393da85e8c88a6b710e7f831cc,100
0x7084c921acf7fd770ed9f47b0fd52f00757cfc22,100
0xa1125cb833581f3610d4a765d0259d3ad6adb838,100
0x67332c65e6097e7559c64532d7ffc202ef68e185,100
0x05a6d2654fe926cb0f584e9653ab056d5ace51f3,100
0x13055e1ace881cb1f6b85b3b8819b0f24a867973,100
0x06fbc2cc4bd50a1cbfe2504f5678e14bc2aa83da,100
0xdaabfe3d64cbb495e86b5aeba98149ad6b0d2dad,100
0xb61184bff2ec5c3f53e658d97b4a11b1ccc73b3a,100
0x35c89c6084a8f462474eb845530a4aa61e0b0ffc,100
0xb85760a97f9b47bff15edf74c35320dfee40f92a,100
0xe8efe3ced6b654e1f033b40f2e210fbf0304a8f3,100
0x3da30a3d5de4ed167892e48507a1a9865df22341,100
0x85fbdffc1d091ae5e595e243079b0a8bb508d325,100
0x5c83403c274ea2c150d9e055843ad9a37292358f,100
0x4a34518d48848720e81df7922fb3a3ddd11f9930,100
0xe1782978dd7f7288829b65757cf8d54f26419fca,100
0x1fc488267ba4e19f4134bd3c0a90ca1b52f0a9e9,100
0xeda8e778e64e31d6161680c57937a88bdfadc361,100
0x635c1a60165d653989dbbeac81d1d0f33a484ed6,100
0xc851c83e912e704d6c7d8b3863b506ffe56b0711,100
0xc25f4513e4ede65c17cefaa2418436db44e5cacb,100
0xef70f9a93e74eb77763cd0952c20bffad7e2870c,100
0x3d62f7e69c11365d495e3eca5f7c52859522b6c9,100
0x3f0793307ddf54da4875c39bf6e6a8f20b4a3ceb,100
0xa80a8243d1fdff230cd2a18ece57fa35ea6728d2,100
0xabb110d04d59a571f2a5c1cb2f9f3cbe1cb8536c,100
0x4828f28bae7828643e8824df168a409f210c5df4,100
0xa544f8684613895ddb3d432bcc9460cd2e7261fb,100
0xd2412d691d0c66d1298952b01df8e7a4df655537,100
0x8eaccf8f097eadb10ade1ce0fa7fa3495a5ccdcc,100
0x315510ab3dbeb719aea4beff3f421b9e2c97eb5d,100
0x6a16683bb8654433d67f6a9e0dc9eb563456823e,100
0x095c99bb3788a2cc8697ffbcdd093580289e1d73,100
0x16731946f50416acc945559a2cad0f7f070e8dfa,100
0x24e14321139b09ac821aa967ba3ee08c6a5ca9e6,100
0x7a161c859923e2d5daee00750d4303e7a8c57be5,100
0x2a38769805e7e0efd93ca2d181577b8f7dc07404,100
0x776861f96b7f641705b8794310bb615027403288,100
0x330923b6c0cfb634010522eed96bdf2c4bc78564,100
0xd5bd9934264a0965b91fd26a561539fd0308a080,100
0xa18464bdaf087549ce887e5d777d82e043a6eb92,100
0x7adf6f9a611b7b5b3ad68037d9d4d2ea9ec5b9e8,100
0x6ec3c12f2a833a5c58246edcbc95986938fae712,100
0x6fd2e47562dce78aeef846612fd59b69d39d8614,100
0x3e7742cde23325db2256ffc26a6b6e6e64f7f5d3,100
0xbd32af1e2cedfc74610f96d2e0671b7c380488a6,100
0x34186a490ebcd04d5533ab4c65cbe288ee54c64b,100
0x3d3514f34c0d71ba7b42fbf6a9cbb317b78cee21,100
0xd03f05c0e377be36deb7e97e8685d8e9d849826e,100
0xaabe8ae1bdbf13ed0afd279b1723cf858cc37ae3,100
0x01a5ff1f35d4c1062c940b1f740e601793f35c31,100
0x624ba2fd66cbaec9291f8ef5aa326f4a84e21639,100
0x8d62f4abbc2be0b2808d10b03c438c9615d3a51e,100
0xb9025056605a271af8354e83a19d8c1c1cb0dc34,100
0x57f877a6e14e9a27744921434e6a83c55311e1cd,100
0x972b24f3b4c164c66d45e6ce8d7786b64ea4190c,100
0x2533366e20af19266c8974b4b9f00ebfdac6410b,100
0xf3dfa961390fd334bb91f04072bafcebca3cf65a,100
0x6716ed66e3072826ef02cbd38a81e249845db210,100
0x9006d0603fad8d7bfd6f6c8f27236dd50156d35d,100
0x005fe5cb741fb30da950c309507e89ea6a8eeed5,100
0xcfbb2d011876eb9ef2aee5be342095c574e0f9ac,100
0x81060f804934cc20cd05c7c301457412aaf65901,100
0xf597120af2cbdad0c9127ede6168c8336d8d26c5,100
0x9771bfb910d38f07c76246080838edf30f80cbd2,100
0x2e111222f59a1a50139f4e3241ef85a00714065e,100
0xdb7cc713b3e45ddaf92ff90a67b7e57e71c64aae,100
0xe13024eca0f5b38eb19e44fa959e9d26fbbf7c99,100
0xde5a4c10cd2a9f349287a8e0b4a68dae312112f1,100
0xe98a3ce19d3375544546ac4bd77bbf4646cbb9a8,100
0xb39e03f056471c135dd6586127fe0811a7b5fd08,100
0x8c597cab868f3704c9a1b770352afc575eeb9767,100
0xa1a52925369c3870aacf26decf7a8727e5a47fb7,100
0xfe3774aa5fc9048c47892b4f844fa08f83432863,100
0x5b1ed1b69bc78b07fd0bf75109a80b8266ed9d40,100
0x5b06f317d0f2a99dbbd8e040491cd2df5a9739d4,100
0xb04ad254d2c878061b662e980ff0f611a27523e1,100
0x0f60af9a3fa32c5fb3758f0ea3dda3c225e6fbba,100
0x4a690c0aca95dbac66216aeac59c8ddce7ba9801,100
0xc0565e438dec17fd06aa0974e0147dfca438ae48,100
0xc6246e357fcde2eae04184560c4397fe78aaac41,100
0x5b3446292d744a2c84071a9f79aad7ca6f6c573a,100
0x7947cd892abfd63628418bc2cb052d8f75542550,100
0xc5072677725f3162a7a1cd9a19a2cb6106db3d8f,100
0x32942ba234816ff63c67436664e25c9d27542560,100
0x5027fdc86847af889437aa0a315409879bb6f733,100
0x8f595ef344c6ce76d6f3d7a528b72b07c3c70763,100
0x06fc8fa045cf8ca764ce272d999e936241e05bb4,100
0xf7fa08c0c3c1a96d46f4204c9b7f068d8ca4f99d,100
0x3f6537e23420c5319e91f3839a37750f930ab537,100
0xb1cc1b5b19332bcdd1782ed58d05610a31e9992a,100
0x23e1c0d2f8b7079f5e2766d79a66a7b9cdc2ea1d,100
0xe63ea6699ce7b23fc3cef9dcb09abf62da67ecb5,100
0xb2fa75b6232c942c21dd8883ef0032bb3d07ed4a,100
0x6e1aef243b0931f9ec5240f515d366f3fd3b86d7,100
0xd093add6c11cd7f2fcc2ecba93fa93cb2f54fbea,100
0xf15cddb3660d2e2ee57d69cf5eeba0efe2640637,100
0x6d80dfd862db84b5ce9d03c7c7bb4616919a954b,100
0xc516b8c8ddd0799fc06ea222f53d259300d6c40f,100
0x99f5fd936385620964ee0f2d7a1a84ebfda30450,100
0x6f0d5afb1eba1a13a3bb0ae4156125f4297da2c3,100
0xf520985b920d3856abf85cb48aeeff9bcd342e45,100
0xcbbb3aa617d1eebbec5f2b5c2977506562e58193,100
0xbd92af4a3318337762937d076d111269c2fc04ab,100
0xa410fb6c7d2f4158c0e9cbc704a3e3818d3b5dfd,100
0x5af48b0966d9eb4ce29d2defd2cf15ba83a1b2a1,100
0xbe702a1f939cdaa1b4bd02e07da5655ebd9d9b58,100
0xb8950ba41eb4dc3a5d89a26e1b97a12b89a27a31,100
0x0b8c67e579f272e4a44bf91e508243e76f25eb81,100
0xa8cc3652e1c37d2a628f05491af308c307629e4e,100
0x5686f705ed50256a6cbcb8fba53246e38c46e05e,100
0x1af414c4af987f53fa232b66d685747de988d01b,100
0xe22a13f6e785fd7a07529c02bdfcbaa0c845305f,100
0x35beebb2bb05698afbf0466f1043dd9401f6fde4,100
0xa751c748ab369c3794d08d41e459f29c01f2a263,100
0x0b1d713143ef7a2d9dbd1ce8364b8a6a8d3d85e0,100
0x8b90fd6b47fb71f40f259f7492d9e7e5d8a54432,100
0x08eb263e2506de0353c9e0a8a27d103d64ab9a76,100
0xf1bec2c02852d246da0369fe2a0689ceaabf7eda,100
0xe8995b07188f545ee25e19ff39dc9c49c8381b60,100
0x9b1a74eb88cc659cfd82d6bbd4d975784d8544fc,100
0xc63b6fde42ec50b1aed1adce6f2c60f38779626e,100
0x30f71230ae36487cb5bfaee88d536a5e581b34b4,100
0x51160433d07d3a205a4ce68ca0a930574c81438b,100
0x3b0d98caf6c10ea1d194d33a6a465e584f10d97b,100
0xb9057aea1cd7498ab88fd7e0bc52df3fcf96d0ae,100
0xda297b0650f36582820af34234e6ee64947de83c,100
0x18fff78773a449d63ee954a681320572840bed18,100
0x10987edf7dd4ae7b1b661e2d23da915a1f1f7ed0,100
0x63b8d9b40728af59f3acbc4bf4424b77182c58f5,100
0x72ff8b7c2dce8c4e48932d23a80dd03241f77901,100
0x58663fbf9ffb44a794a31000dd31910cc9d58f4a,100
0x655c24c7410145a9ca2d200fd752c12200b55071,100
0x5b2919e2af66b621a2c1c4d828287f4d485c87ff,100
0x6d5b2ef0a6041e6843c70f1427998b835af3c9d5,100
0x9ed930440be3d3bf3a24e8d64c48873d3cbecdd2,100
0x694b0877f9e715cebd659d6f6ba4281dbfa0092c,100
0xb92664e7b39bfb1be6ff89d7f5a40779e921fa6c,100
0x20805fbb69c5b0d5e72192ceb4e9102417b627bd,100
0xcc976f37b22b67660d78d9ba9157abc2131c6f5d,100
0x4c88ae090284126cf88fb4340f868324c86524a0,100
0x6ae18274eaa64467996ae889548862f804b9a759,100
0x7c937cb20b6d161c42110ae5c29de6d1a5dde152,100
0x20c52d53eb49051a67b5728cae989cfa47ccd10a,100
0x8749fcdf456d80458c2845f4c295a918b9160ae9,100
0x59a819597b2464f914de3ca34e5dfd649e7072db,100
0x611d37e887dd50a62f2b8fbfb1c25c706f621478,100
0xbb9fc5e9d08761b0a90aa9783a57f153a1446b4c,100
0x3e2200b264a63325565c7b41f1e07bd295ee297f,100
0x0767fd3420e2e5f439232df3dcb4bb9534cb1caf,100
0x0d88af4fa69bfa321fa55834780bf1064d8dc781,100
0xb109825db1a05e4e6646044d07ffca0111dd38dd,100
0x8cc40dd9f812a69f7909529c407068cf253b1a6a,100
0xc12e7d36fa42d94bdbb5fcf08ad3127c37020efe,100
0x6c4e416c3efdc912b5bb292c2a399c691ebb2e31,100
0x522db0ad9aac854a2eb2a3daf0274577686910cf,100
0x7e80723416d7d199ef71da0d4e3acc924156228e,100
0x216bc57cf4e487451f7b39a0178b2cd8346e7c8b,100
0x3e85f7b15bdccf13d7de0cb7c7650cf31521c819,100
0xd4cd3a056e32997833a0e3b42e048be7702670cb,100
0xe51d377a57ae7ee11d1e08e802febcba12f8bb0a,100
0x0e9fc5d8585f58f10a15a7fc495cb91fe14cbf34,100
0xad015f00d380da858c76d736ff0f266608db0d98,100
0x437f5ad16e30e4730718bae6ee36e71b7a753c65,100
0x411139cbb1ea37334387fc8a36bf9341693812b0,100
0x2be6c5868da2df97f41ee75e0ba096bd6bb52b4c,100
0xe77b6f51f3404db60a1d1e540ea5fc7679480f53,100
0x8eed72da7abe8e4706353a0482ac30bc89d57784,100
0x518f5db664e4acc76fa125ff1bb1a27242891baf,100
0xf012a300adab95e208fdcf4700ba4b2c0524b553,100
0xa4b7094c7c4c8fc21baab93146bbde3a57e50ffa,100
0x26284955c764f34113a77a2374a02b302ce2f8bd,100
0x6210ecdcd3f4ba68417fe4f28eeaadde4fac9d27,100
0x494794aca05d212ed51752ae82a7099badcad825,100
0x3bcb629808a947858454a9bdb9acb831a2a270a8,100
0x737613ba94947ad5b334cd33e4cd1353ccced80b,100
0x667718610d5ef759bc8f89f59f3088595d88017a,100
0x4b4aab4b0fedfaa8ffd9efd55c5a6d5ec53c1174,100
0x7f22bf97ceb1d0ca020079c1d0682701b397ff6b,100
0xe95357a7a2446ef23e2b84758a29ae64d845a997,100
0xe772811277f156491ecdb2d84e7056cb047ba393,100
0x261cec8f08cee5f14d91796e73debf1ffdcd654b,100
0x5b05ffc80a8172fdf75f028733efdb0278e0adf7,100
0x133a629d34777d6638d4c2022ec7fca8651f32c8,100
0x1262cd50a01643a768f8f06a72a4d5e32d8946b1,100
0x5fa18f60c6e4a08493abd3a4da7b02e20b0cb2f9,100
0x49c1cff0603d8dd02110f369cc68671a4619ed1c,100
0x53486bf8037585de5a1820f757def9409e7504d6,100
0x573f437b60264c136c1c7731ef1d4e7b9d1f3a71,100
0xa71455445417e5cfa2896a0c0146f570661f5afb,100
0x01985690d95d15ab17f26bba1a466703ea4367b3,100
0x9b5561a81016ffccecb1e708229c7778c4eade98,100
0x1102d5149189702e6e776299c1c9f0a47da8324c,100
0xcd035f1a50c2bb50a8c4aa494361999457f8d766,100
0x895db23e272caa0f4a382e0990aaacf4b4a221a6,100
0x5724070c9ab841ed699934aba0dd1b6b9a0cc243,100
0x70167bc89c911d01750267025263e1d94ca7b810,100
0x09a84d4e48bbf1cabc7093c2cab42aee4093ea58,100
0x326af107b619009416f1461252ca51777466c650,100
0x2343b7c67f08e1d0ce5467c605576750bbdd1d2d,100
0x9f2e054866213f9fbe936e5a4dcafbe6e714e56c,100
0x247f14144986c6df88ade5141e4a06e7284d14df,100
0x6a2a323be4b062fa43467939e631b8feac4b12a3,100
0xeb84cd564dad9bec829215f302ae0d2e512c853b,100
0x21af0d22d3a4246bfcf49fe75eb3c9ab4a7c2b43,100
0x6d3bd4d6247a46f1e62241b6f4f9d64fca3e1825,100
0x6207c1b3fb35dc68db2789e21345a6661b2a9169,100
0x1a02e0ee6f70faaf2f68505812af17803ae172b2,100
0xbef1e569a2654e685ddcddb9d52c80b3994a9ea0,100
0x26d3a4754989ade799c3765d357d22fd98feaa66,100
0x15080853f4c23b661cd7f81d2db7005fe339b832,100
0x0281198066f00cecb5efd7bf00f27d1e8a696caa,100
0xbd29d3dff9688e28310002192696102f0536912f,100
0xbdc776cd3f51a9532ad9574ba9edba9c74b64f64,100
0xfd1d8381394c795f029630adbc0b57527d5b2874,100
0x1723d7c78afe33ea8fe01a8834da6807a06d96c7,100
0xa5aa281137e9e1770254083a6c7a72ec9f6898da,100
0x3bda56df9b0dc3c0ffc97242b3e3fc7e84935662,100
0xbde582d3ad992cd294f993a2e15367d8868bdc3e,100
0x31cba177fed916974b3b29ef1f528b0f299066e4,100
0x2bc1737816c1662cae49157bfcdef7ff440484fc,100
0x74baf21a09a914ee414761bd419fdf755930827d,100
0x02c02dd71d583a7a1d330525e21ce75175860c8e,100
0x31519c8bd0c3ca3cc2c2f6aa9fa247ae5f9f9be7,100
0x94bd34db100cde093bc727dcdef8a52e5059289a,100
0x43429979f1dbca91153ef2bb37810452aaf15874,100
0xd9a2fec8e05972889200236e0ffb131f1385eab3,100
0x979b621835c94f4abee9dd808612f5745c1c1639,100
0x4a43be7febdecd207e90a0917378ebeb967c23de,100
0x4814bcb0740d2340207b575c3bebafb1978fb48d,100
0x9d97c1b8a1dd7ec8699a172411dcdad962c76ded,100
0xfb469965ec425d5b83da58dd75a3a77ac06eafa1,100
0xa001ef2f753e973a8cad9daf3c7daf37288829db,100
0x73e19c7e79298320669118776bc96bb63b78ac0d,100
0x4fc98e5828ec2e701f9babca47a38a45ae02fb98,100
0xca675371a13e59ca9188204b71c1fe25443f2bc6,100
0xb38715858d1087f5fba4579d674d7d73b448376c,100
0xb053d962d27f7a07775c549bc675c0f427120eca,100
0x84d1e52a5c2871d72ec2d190e14d19a065c98726,100
0x4c259ee9e69d4d79e7db7a11f4600474e5dfce2a,100
0x39dbfb122aa24c051886af68eb2254a9197c1a86,100
0x59a5e32433eaea6807b27a864a7baea9f4fc4b6d,100
0xef516b62e31849123bcc5f98428cb6d497a2d0c8,100
0xbfc7d93c34009e2f88952d67dff306d4639765ca,100
0xa591cb1fbd72dbda8801c09557bd97d0709e2bc9,100
0xf184d920bb9907c0fc4d81b958b6daf62d368e56,100
0xa2062954ce00c6a24e4243857d3ee4f3ce346f39,100
0x58414ce8a703d85129a729467725bdf04a2999ef,100
0x4eef711107faae818cfe2b01da147bebb5a33fe5,100
0xcdb432bd4718dcb83a437ed23abe5b1bb0041011,100
0xbf654b716ab78a8f53065ff899d136b1eff03da8,100
0xdf3fe0f566eacee25a6c0de85c1f5cbc19aa3b34,100
0xe295b705cbb01437fb141d47ca962f18d238eeeb,100
0xa0be06e2876296347223285d4b7be865baba70ad,100
0x5a87d188d01871592bcb88a3aed7d5b2c0ecd92d,100
0xcf6667ad61e3a0328cc03f9b7f408acb53b801cf,100
0x66a5181a3f7d84e21f08da7eacf4dae5502bf35a,100
0x5407d5602e8f4474fd9c095e8d98708ae90e0899,100
0x977d8b02c01214c77b6c1156dea72b31a655c741,100
0x819ff55711e994f95b0c34d4ed2254bdb3f20b4c,100
0xeb343cb40674de42aa0dd22869a722ed19b51c94,100
0x201793c91a0ac7b0f23664009f1a96d1b382e71e,100
0x079de3c9ec7b5bf8e438a373e42f054f1636cd3f,100
0x73e805561f7b5b562f03cca9e74be78ef7763d46,100
0x53f7308b7581b69ad2ec04ef651247e625a36698,100
0xcbdc517c44c9ac0d02b6f428084c0bb8eb5435a5,100
0x5198da46736a98dc41be5de7ff67f6715c5450e7,100
0x913d6d91356052f1ddaec3b62c7787e63ca14809,100
0xf08a1589b55cbf89d4f0c5184509992097fc856b,100
0xe74e40621077026333e82476d01d3a4644304836,100
0x0450ad91f63497c1ba05b9f97e9f8e33a3fd4029,100
0xf4ed3c693523e23f4b69c72958b194ad03b7bbae,100
0x21453d097d28e441d281a746c7a9033e3ff133f9,100
0xcf4979e4516fb6f232500c0bc4e917b04cd77e3d,100
0xc7fc22d339821240bfd92258ba87578cb1af0b64,100
0x31ea22da62a772eb137e03b6b7892b5a7cc3fb2d,100
0x90e7d839ffaffcd90c675858c33b8abcb84d146f,100
0x4c0534a0bf5a9f540ca56d385c49393f2c9e049e,100
0xd7748bf0fb0183a3c8164ea006d63efd3c523c78,100
0xe04b7f81a48183c997f049c161d9e3d1e03cd31c,100
0x66b5a49291a129d90502fbdd62cd20d754f6ef2a,100
0xc80d5030e16a9b19775d60e16f6566d502cf9614,100
0x0ddcc20702382b15ff022e83c972fe7bf364f6f7,100
0x1bec21ed4f0130791c5957911671e1fa8e0a7aca,100
0xa26454ad15ad4dc77c947a7a32bde51b62e41a4f,100
0x27028e55f9aab34e06c6f1f70903f127e8bf2628,100
0xd971d7c64af9adf54a2e7a09bb6dd888c96ab4e8,100
0xf65edcb3b229bce3c1909c60ddd0885f610d97bc,100
0xc4f9e0cb96b4d0570955d482154d2d6a4b72daba,100
0x20a482dbeface5b0d7166b08e063284c69966a19,100
0x8bd99ecb283e487c7e22f92f0bfdf0755e3c2f10,100
0x8a43d2ab9b7a258c21f0a0f883b4b3167a014296,100
0x740d9abc686644fe362b4f0c94b59a4e663b3d8b,100
0x284542578d11ab6d94661f93dc23a6fc7c295e74,100
0x1abf3be1829941e09b66d5085cf3e7f95d276c41,100
0xf83f970bacbf66850983c60146d07667e0244ab5,100
0xd523d897ddc892c3088fe7e46ead01f49ccaed5f,100
0x2fc42978d414b722b313519b8921c51816d2baa5,100
0x0c740d909a3429397b4d5a9bde1c3716db51f365,100
0xcc8a7154d9105b3c7b1faa7c475af227b2b62da0,100
0x434f75c998f25e610efae56d9cdb9472d61acb6c,100
0xc2c93a56e3a6fe97927d238d12ceeb3a45d3dddb,100
0xcaacc8aa61fe68dd0369dbf5a3279f56df56ce80,100
0x21189226842e1b97212940b2962ac40866f7c638,100
0x0cf08027fd7c836608e0c55dff6319b9ad0b798f,100
0xb51d2a3f192413a3f8360e80df28d612525cadd2,100
0x20958679b1153296764f1219b0fcf65342ecae84,100
0x047edd534c8e6741be58ce8888dda6d3fe38a56e,100
0x4c05525fa52aa3b889ea847f77c534371d3e5155,100
0x6c58d33b75f211961eef0e10c16c9c8b93690fb9,100
0xe84a2a488658907ef8253c07f80fe724c9ae34f5,100
0xe3f762f77d43ba2c98a52131a254d5118aec677b,100
0xdcc505c337f9ec6a477821997fa38cb2563ba5cc,100
0xdcd22f694bb0c3d37e6793f08136fe34fce29d0b,100
0xf3fb8685145debc079d6c4b5c5cb690e350a3ea8,100
0x93d9117b992c2c8cbc80399b4d2155fdaf1007ba,100
0x47af8deba1c0a14a4233d1440d310900378f18d6,100
0x2e371a3428587f94b8e1b0e998225365f2c958e1,100
0x52eb4fc1e812ab215acc4c6c09d741db3839d2c8,100
0xbd8ecfbfdb9a89ff711aab54d2bba97fabd3bcf8,100
0x4a59e854e8e5ad08a705b4421c954d96635c663b,100
0xe28bf2e8563af706e71a081bec4295d9fda53dd5,100
0x1f34422057bf5c70a58a1b56eb70bb80b1b00a4d,100
0xadde2bd02527b5aa72c0b8c46fbebdfafe6f06c1,100
0xd49f9c3d7aecbb9d110a5dd48398726568388de2,100
0x4049df7cee34a622554bf040025c1bb64ab39c9f,100
0x004e5220799a11749974afffb1e07c6388722a33,100
0xa7462472ae2523f2ef0022690f6f891cba6ee94c,100
0x43beec19e2beada972d052f2537ce250ec780900,100
0xb004dcd9093c2138b0939a628b1ea833df25ccee,100
0xa9abf42623a16c16916851340bfd87b171b05915,100
0x41d6c8d13b6e6a82f5971a13f91dd32459a38980,100
0x09d67456196d98dff2340a293fd4e5b338280f53,100
0x06f46b3f402438dbbd8ae8443127523550d9f828,100
0x8b253eced564e483aec4f30cd5a1916663a998df,100
0x91ef82f20f412d9cb7bca4ddc4b5fa692b10f4d6,100
0x70bce512c1ad8a9d58e56b51d14d317aaa39002f,100
0xdefdd09cde56aee240e04fe0e1ef82d790e96f7b,100
0x82d56d032a709d08b175ba3fcfc88102dd093610,100
0xa75ddee2a86639b14eb0695a2b0f6abac4566d85,100
0xe4340874603667111e5c869f2ced09db5ce6d996,100
0x70a8cee16e0d53d935311e100fa651b4978e3684,100
0x65f66b53d4c32bb53f1ed482f5b4546bbb41481c,100
0xb563e518149563b24d5c43c25f547a277bdc1413,100
0x6f3796dee1e90518eaf5e62142677973a86bbb8c,100
0xd9b23fd45f8a146d0bddd6d02d9635c5ec246c16,100
0x80e2025e37766f640c5cc4d77f8b852043c3c3c0,100
0x694789cb90f9df269ae77371d283fea42a0ed959,100
0x65dd3d09c0507c7079982b7ce7e6c8730fefc080,100
0x41c2c79934d2fb3ac9bd4b0b195ec8e610c3220c,100
0x38c7d55ce82d0d7fc22ce52d1e3a617ae70f1812,100
0x66730bd215eaa4112a0931805aef4e8c6af42a71,100
0xcf5b4fdaf563fcbdb0815ddbb2fbdd61a954e834,100
0x5b2b103b398d2a84222f6c73bf65a91d7d48bc8c,100
0x6ef455d292c457d5d9a0f1fbc3982a2bb93ffa8d,100
0x87e5a275be5fdee172ba0989cbe327f30d32a5d2,100
0x3c58dca5e4fe3c3729d5d63db7075725a36b6bb9,100
0xae1fa71fa4cc7d1429939036861613b3870506cd,100
0x33f58cbcca5d74bf8ae256a9fa8d3b5ef67d893a,100
0x6444175608ad741c3afa782d76a7abebf5ad0b59,100
0xfb5b4facd1184dbaa87b70510a74aee7c6e0880f,100
0x825fdf25db0972292a7b11e0c51a557092f799c1,100
0x3ab233d9cf7daf3b593cfac540aee286dc24b53b,100
0xe0fe97b29be9bb4e089c2a6939717db3b98879ce,100
0xf8c57eb5dfbf13d45e2d33926fba2114b9e28720,100
0x0cf3940d0fe5ca76fe373f17ec04479f40405f24,100
0xea8ea0e02e923b5ba48889dcda8ea660eb59461f,100
0xf90f3ee430f4e341f21c48f2d4bb941301c9b831,100
0xc9c6649ee86d92e1c747fe49d35c27d29b23a281,100
0xd4c0cc8df5a38a18f886e4a13022e8c323b27c60,100
0x7690facd73c50887ec1e7bc38d9a57f664d02e2c,100
0x220753e2d766872dcfef654cd91a476f71c74e98,100
0xa1b4e05e8b6127968a0f3dc3d25b1d1c13c6cd2d,100
0xbc672347a530725808a45e6e506d25e3eaaa47b7,100
0xe68cb3f479b54b80e553d8166fbf4326992324b8,100
0xf5871573da1f14d7d09d0828919d2b36ccc3f1b6,100
0x0087552d64fe26c9af79ba15a9e9a52574ea0cf7,100
0x5ab68f0069f341b71beb77ad5edf5e9973cb76d9,100
0x8cc15af31a55a43b81f390f524af40917f77adf2,100
0x2453022b12039bd182f1d5b6b5c28d9aa514e6fe,100
0x3f09b6f2dbdc4850a78b0b63cb7bb658a9ff6f1a,100
0xd322194b876155cf38ab0f6c495e3627e9f88714,100
0x437f52fc7882afa61eced9285c31a2f76e41b90b,100
0x93e27a5c21e19aa9636d1dc9d83c80093f855803,100
0xfdd6b51df8b9c10ba0879a7efd4daf63de7953ed,100
0x38b3742bc8ea412f342ea87e64ea93e98228504b,100
0x2f0dace24cdcfcc101c583194b782c444276a151,100
0x674a9cf1ab59e88927519f44d726933051a80a8d,100
0xfaad192ca9b56f0e5a292592ab5e21b127186a3e,100
0x29467e030486a5b70530ce05e711fdffac03705c,100
0x3e07e94c570845de5caaab7905ec69de3f43e242,100
0x4767857e378ae38958652ac6afa40e207257882a,100
0xe8f0cd360651f8d7de13b19cb1a7d77fcf973551,100
0x9861c6568520f501f7ddb2928286d19b0b32ea75,100
0x4e6f0f5d2ca502966e41a05f6b1c5214bc57a376,100
0x86f6e643f741f9592bed647a5cfd493c64602bc1,100
0x87ee51e4f451b634a107de65c88769add0587f56,100
0x9b0df0c4c4ec049e9b84e3d5c7f6f0007bbb092b,100
0x90fa3f3c3a290ee19bbc94dc539dede8e21ce28f,100
0x00daeb5c453a8052df17f6d2eeab62b73da05fed,100
0xc0d79792db299f4eb35a9cebfe3ad5abf93cdc7a,100
0x055dd072549fc869200c2250788ca3cec7cb5595,100
0x39cd52822cf0d78f9b1376e4820d65f0ab2488d0,100
0x105ef3fbc00c2a2bb4dfc4449810196c41186c33,100
0x799f613a4df42f1a63c24d1570a6017961cbfdb2,100
0x215e22e21dd58808b0ff1146505309abb45081ac,100
0x21e786391d907c96caf38633dba2403b5c38ad78,100
0xeecf3364d0ece5b6ba31573405ea4b56e0fcdfb0,100
0xf35d446887b302b05aba22fd95bd81b39d01ae93,100
0x81e1cdaaf1107bba5144beb8128b518cbf6e444d,100
0xe4752a8d5f10f78e519f7509496723f1cfc8450f,100
0xff8c2e15cf123bebdf75e6d4d18cf6efa460a877,100
0x2619c48294885a106b24f1b6f14971256138e123,100
0x576a75769e2f82db942aaab01ee3cd4dbe4e313d,100
0xfd07b2c0386431d65a9b6dea2113fac6d60c0f94,100
0x6b10458ef65a84a8c364614f5c5d4898cb430e66,100
0xb4ff006b82aca2fc33ee99f3f696c6f67583494b,100
0x30d9ebde795eea94a4d424d2faec42881b8e53e8,100
0xe0567e66c59e2caec477574f06a3bb2ae1f84aec,100
0xc89f1f3dd5ba439952bd84f8f42505e7d1baee4a,100
0x2727079fd5ab6cf22800e29934d9804bf3e04ae6,100
0xf9a8b93e7c482b96de79bfd16c645605d7db01f0,100
0xa57b0e12809cdc6006ff51601f1af15936974f42,100
0x9213f79be27aae577cc9bb1451f666fdac196675,100
0xb2ed915649ec5d09cbb135562d2391b9fe933b9e,100
0x1cb76a372edf17877b8ad023a832dcd446897389,100
0x516c9e5d046454f92ebcdf98ac123e5da6def6fd,100
0x20df09afa0ee156aa809da0873b4c558e82e1c67,100
0x3a73b7d328f6db625c55ead2b511b5797afeb4a8,100
0x2b07d36dfd0390ce9b2c316e151b8bf5f9852555,100
0xc906c887935aecd6780293c8a53c84d10aae37a9,100
0x430b9a041c88c0bf9ca327115e2acaf142b329e8,100
0xdbface07a6ffba8717f2446dc6ca81d5e1b81d07,100
0xabc5a13f14a98c35ac4286dce46f901acb34a418,100
0x522c81d8b17955e3f58aa21b47fe8662e29691fc,100
0x0aca91069e5ccf2d16859e9f5e00af51fe17fd74,100
0xfe02eb7aeeb1c13e0b1d719b6a9c9cf44fda925a,100
0x8013dbd9fb40d4f477f2073d789a0f78cb445c32,100
0x813a9e2c84d542392e24ad371a0f37e9164caeb6,100
0xfd6a00e0fddc40929e4b7af91be94a7c73752e99,100
0x3fbbb24b681d5e600be1a6bbfe62da3c6faed72f,100
0xab9cdf10ca4b69a613fa97722f9b6087d27e0642,100
0x5e2e6606d3a32f7a87e39f47a1f4affc01b11e39,100
0x393ba4eb65519492e9c94a7adf0097006b70603f,100
0xde7cfb7c633a23dc2d9143df9c30ae2bf657a6bf,100
0x79729196cd8376ea7f657b4ba86747e588c202ae,100
0xf2733b5410ac441b76a1cbf931f61021df980fa7,100
0xfe00150279eb7f880cb73453a1cf54d7b73c9ac3,100
0x6fcfc3c9cbe1d7aec1e791d5098f4ad76428859a,100
0xca625beda8d0aade9a89c4050353d81ed6dc1f7a,100
0x761f93adfbfcc877d7355eb71b81c02ad0d447cd,100
0x362052df78f295bb541fe360050c540be50167f8,100
0x4914c3c2d142cccecc1aa4bde86459f67fc7fe1e,100
0x80d0f0aed390eaa172914dea0a90f9fbd193cc6b,100
0x23eeb889faa83702dfe46f1e76b0f0cbfb54a2aa,100
0x0572718a925c5c6f63913eacdca41eef25a5953a,100
0x58da5d55770dc147c8385ea735e0cbca537b08f7,100
0xc9c0e29f089ae04623536f3c9d32b557a323656e,100
0x53ee2009c2199aadc61106574360abda7ed1c8f7,100
0xf2b21a1ac571ec3072582e37d0cae171f5473c2e,100
0xbe50945dd3aad4dbf4e24f8c1cc7c02b90cc7756,100
0xe6c279e97c416d3322b033a477b439ea570050ad,100
0x46f69cb790b4e0cc358def1127ec847cb3294078,100
0x23a3d91e7f6d2c443c1ff0b5333325b615b3d7c3,100
0x89c8cb27307c94b47345c8867b58e886e8f565dd,100
0x3655bbe261ec6d6db0e04c292f2715cd5b29bf9e,100
0xbd0da818e6fc8d052b1caa1e8b99c9419ae1b3e9,100
0x46fd30b89f4742a93d093052ac6d25a99c65f1fc,100
0x98c6ed552d0315622f9b2ba735e9058b21d7089f,100
0x19adefce21e910fe9f6f24b1bb93a742da3bb686,100
0xc850744bea332d22b441ea1002f320a7abd738a5,100
0x9a9598e0c95b30ffd21c4c67a34502225b002842,100
0x3113e3502677d767e87070efdf50b955ebeb9cd9,100
0x8fc5f1fd3932c98e4b30b48424115155fa901bef,100
0xe412aa3e7879e4a2e1d91dfa305075fff2297e5d,100
0xdc33d8231893fcd70ce7e410292c0ec7ab4e7d80,100
0x78014a77ef49ca0e88b67416fd75744f82ea9bc8,100
0xf53f815bb2b82949a9acb4d698f883231b6d3df5,100
0x87e58a6895c72c45aa6c2b143463ebfe6a93887e,100
0xbd4dfef6c7b7017844bc43a6cb74477264335897,100
0x54d16033401e9b697f4754b96dfc7c6fd2e7e5c5,100
0xad73619bb8709fda5372ad0498c339f6a8811686,100
0xd86beb0061f4bdde9ff0e01e077109aaaaea3923,100
0xdc1fd597e8312fa94cf469452b5ffc278f9aa1f2,100
0x04a3b4961adfa59ee7dd5e419ff022c4d2fe4751,100
0xba87e168540e3004aca5569e6a969599e8518d3a,100
0x57bd1392429d7660be70eb290416842b39786e5c,100
0x87cf59fa6ea0774eeebf7d57bae4c3910bfe5eb3,100
0x97ebfdb511ad719c9b17d727fab492df2dc3877e,100
0xe3fffcee2c33425a753a2aeea3f2172cbcac0072,100
0x09ca7557c498f69e6d05a5e428a4e7c28bcc1956,100
0x899ee5968c2b4ae52a98cbb2eaba9406f03354b1,100
0x73a06fc6e82a89fcc4b4cd38ddc753ab37d05e62,100
0xfe5ed9beb2b5f8193fc78f36f8769824cd0a13f0,100
0x970ae3b7ad1c921d59f4a67f86e705a45c972fe9,100
0x35805e419f637eaa2ab699c5a9af38d661f55965,100
0xc995a1aec987d44fb65acc8a9477d9a9fd1f5d09,100
0xebcd098ee001a3f9f701cf73948ac649dddd0910,100
0xa55c7393af12e78ed341eea5aa37ddedc2828aa2,100
0x631082873a095ceb52faac3ab5677c9d225788e6,100
0xefa088588bf3a1a1b9cba134518395a8bf1b0f35,100
0xc5ff4f7a6787487996901d07bdc6e2c1bdf0a9da,100
0xedf6a0d8488cbec2cd060cee3bdb8b871a19c071,100
0x7c4f9dbe7715762da7ef51bee4cc722a00135362,100
0x3bdb92a54868abd4d8cd29020f81f517f8785fb4,100
0x206f16705b4fceee9bd4ad1fd062c77cac26bed6,100
0xa8d4d5ee6372c985812b23ae26c25afe7a3c2407,100
0xb056c849afec74baef5a1038be0931f729ff93ca,100
0x42a2ae8995948d299752a8ac1ac228b9f3fc0bd6,100
0x1bb9f0421b263e3727aebd6894c36d306e6bf619,100
0xad6664f38747976a353bc64f2c26c84f1a6e361b,100
0x615c30238c2c93111d377f80ab94b4db31f14869,100
0xcf9e44aafb4c3021b02db1e836e04ec5db32a2a7,100
0xe0f1de8aa5d677368278c13c2ebfba52966a8117,100
0xbaaf4c723acc3ee57dae3a37e4fa290e4a8fcfba,100
0xfe2136b9e3437c02a80320d09cc1f8017419a02d,100
0xa622c02acc921126a6d3c91fee148cb55b5ec40b,100
0xaf7d763ab2e5e0e910b443481d448d9d43d7bf45,100
0xda0686e8b069a4f229767312e2ad1630694b798b,100
0xf6e044a1169da24a82b94bfc90a5f3d0be9f6e7c,100
0xa677df2dca1415c01afc8728db007a39e19a2582,100
0x65e179022fbe3f2132fe1feef332f6ec4f5d2c5f,100
0x26898baea984508faf8b5b0833f833b0fd680d34,100
0x9149fcb9de2321c342915c42165389b08da5b653,100
0x6ef2ed6e5a49e00d4d20350b43dbe169fa44c56c,100
0x92ebd7d98dbcf82d466ac74833d6e24bceedda61,100
0xca07b5aaf06478a6387fc8d131ed9cffb32663d4,100
0x0a6573f182cce9d40645854925d569a2f6a828d8,100
0xb68ca1d395ffa49ad7f7e25fa7f052e89af3986a,100
0xe2015f3fde7fa351e18ee07e53cd08c732713609,100
0x62688f6cda85c20549db4263310fa078f05e34b9,100
0xaa7bd22321edaabaae7125b63a5b75340c34e757,100
0xa179cd75871669a6f8e47f0015b9fe5ce54d0f08,100
0xf7d8a4b0345eef8426fbe3419a94a8449a661116,100
0x326cba09e4a23c090796208bbc705c177c427533,100
0x45be24401240a8d682219a4ce930301d330bc6ab,100
0x9d6b0baa424698dd5edf03b84515c8cb96f545bf,100
0xb39ece4a5f441671e648373c64d63b38c1b878ba,100
0x1a8f7802a11e97bbcb8addfee8d9698f449b7218,100
0x9f649e9677c21c98d38b5cbe25e73bc586551074,100
0x654af976f21a02bd8c22f4dab0ee015d13fc2066,100
0x595f335db06aeb2621e3a90e0bafb76a40a47a95,100
0xddf9dd9b90667bceeebb083a12608b64418f8b62,100
0x42545fc4ff42d4d485d2c5b1a158e8cbd06b36cf,100
0x6fba96f18fa6d1ee802cd3d441a5b9dfa0047243,100
0x7623545c271fa591f3e0775adaf04604ed9f74d1,100
0x273a121a762eba2ba782869c121f8b6e2366ce78,100
0xdce80c037aecbc4e79d6409d634a8e195a9fcfaf,100
0xfd9658c5a98208ebb974f0d350c48f6b757ceed9,100
0x482d031cba3778c3ca13c83539b59f71012b8ea5,100
0x53b39e4c272f98332f4ffbbc33973a65727068cf,100
0x3c208ee56187ed68bf16ee5c801fc7c40406262d,100
0x35fb55e56ece9337451130d84fddebd04c9e6806,100
0xf0f0c00cfe073b6bf9cd6b6e7c7b1d354837def0,100
0x247a106c81c6e92e6e3803af2750ba903419bd7b,100
0x44bf1e886536c2e2fd3b3a743e96dcffb61b9ad9,100
0xcc24664ef6e29e395e3d15286e111c8ce3f3aa7f,100
0x8f722b9efdb0824426e08ff88e41f6548969d0a9,100
0xbd75870fb962eeae686b1cf67adb7a7dbeebf258,100
0x0593cf720e14e06627ba20daada7501532b261d7,100
0x120b930f6ca517f2612d5a8be122ec2d8a45a21d,100
0xea73ec68220465be6dd00f9e83ddc58120d689d7,100
0x84aa8e34a1f181893f9735a8b922062f281c4a62,100
0xee21731826eac0167d19c2994b30a88801912306,100
0xf077ebd93cb136f7957c4547d73c97619285d6e3,100
0x922091f0d02480a87a8bdc01b6bd9eed3e183916,100
0x91c216d609bf3839bf7b8d40735c0c65b34f251c,100
0xa2e927620a2b269b677f27613308d333e6d0ee67,100
0x605ca416d4053ce8632542e407b0a2d009ebc2d2,100
0xd2f2d6b9607cd1166d9f01c83cedf5a3a5696cd2,100
0x39cf8314d3d93a02f83eea50dada39c70f262fd4,100
0xde1923fb7d82c9d07d817ebf1de7ac8d0dbe1eec,100
0xc1799403a9d676626c8be2e7a3f3bb1a861e0d8f,100
0x128d87737bdf99d7e66ed33309ccf7fb6a58d1e1,100
0x6e9a89eb56a4faef026be1b2da6737b29853da2c,100
0xb308c14b3839639e6cac05ba6f66703208cd846d,100
0x4a1811ac236a2bdbb40a0b437b0728edb6e75629,100
0x01443c237724a72994e1405755e7e56ba4de364e,100
0x83310fbc82c09ee335d1eca3d174f2856a97ce4f,100
0x3e44bbb0737b813507a12d25b4640a6175ec5d35,100
0x34414689449b150aa3b58ad4f8cd448576d12f4b,100
0x2aded75a1af3dd5e1a12d55bc221a80c036f95b5,100
0xb2a8a1ac270dbd3c5260ce4df220e77b04eaa828,100
0xad36380fdb03da8a66b4afc332f2944322439150,100
0x313771d2d96bd1a2975539ba188d69064f9985e9,100
0xa9501af5fc16cbdb701ddc0867e73dd73bb38b2f,100
0xbc9d6130919889162829946d284267e78191dbc8,100
0x35334033decc46d04edc3e6cd85fa201404e2ac0,100
0x77439b9ac66c9d5de9639ffad56c2666083574f0,100
0xb540144248f7d9651e140af2042362a8e89eacb3,100
0xe196aaca5e8dad1f8ef006e5adce52ddb6150613,100
0x04c6f5e220a4ae0c5437e86ad7115e1dde2f8ba4,100
0xdaf885c6a65a1ea12b13fe0064a8963e693230a3,100
0x27ee49cd2557d34e11ad8a30fb72b7983d34e1c9,100
0x188794427f890471b6a60e355b3e227fa0effe69,100
0xd1204c2d00c35307681375452cb0d5273382ce20,100
0x3faa15d6e44888f21ae860c6336507bfc8685065,100
0xa63448c2a75ef2bfa69dd4b9b490de450f48f0b4,100
0x4db802081c2433e13ba8af5b551fc185405c2170,100
0x6bc0b00c07234725529e3d9bca9503a55f1e4ec3,100
0xfd58196eec3dc06f46b4d15e72e04c30540cf3f2,100
0x19acff161669e75c1578f62644e61748061a4d71,100
0xa2f4aa4e0128a2b7f13d03bb10f4ff75b804cfcb,100
0x9a54358db248976ae1aa8d53dd74813885f07047,100
0xac920220a46bdafe0199320fe2b35e48cac42c46,100
0x671227783336ab7cf4ee8a5ef26e02c45a16d13e,100
0xcfe5f3fbaf3b4a00d5401b8ce35f30899e468abb,100
0x065c0f10766665f0a583d71b4b4a62a711a624cb,100
0xbb8d0aaa1c818e7d35779e32ed7bb9390ffa64c0,100
0xf3c6620b4d0ffb75c292fd2198953421f1ff9077,100
0x55c5aefb65ac0a848dd3d6b47ccf7447fe6d63ae,100
0x14d4097cdc88e5c7fa0055568fda37efb10269a1,100
0xa74038c4823dce982462f17ccea15fa6fe487697,100
0xc6a4dbd3ac3459fe5c992520f61881b9635029eb,100
0x3898b9fe2fc3ac3b8c948f09ffb221e270d1c3c1,100
0x9c3c433bb76d9163cc5c3653854b8aa7cbef910f,100
0x8aea32d7b99f7b94daf9f9e7249f992a7abcc69c,100
0xf95b18d29dd2a0e9420437edf0ae9b4979ba2096,100
0x64281a8e906d1b5098002cc9520e4380a35a1a10,100
0x6e91ce779e4146869676e00840f381159f2f249a,100
0x8081a856e3b865b2f484cb90868747323bb76ba2,100
0x836aa006f299431eacded9cd109146068057b8d3,100
0x328f3e14b096372ce22ef4db7cb88cd495ab6088,100
0x098b46d88dc6a26e71fa670a17d0243b59d4f257,100
0x04a5d42b861eb9b49dcacfd28b89bee48bba9888,100
0x648b0a26bda1ce3b6022bd1459cb38035144374d,100
0x49e32e66439e9c43f38f21a348b421e738c4f261,100
0x908dc3b7253906db1c5254904e80a2c5cf673a5d,100
0xa5896933575d1eeb9ece7edc438eb147898157b8,100
0x87aec40adda09d7633af18d9029d0ccffe83fc2d,100
0x887d3866694064c612ef77a3608882fa2d8e3304,100
0x0df26d752801c86992a63bcaf5f78514cf7216ad,100
0xedeba3793c6d34e233812e814e4915fcbd5c38c8,100
0x38d79bf1f299e87e74117fc8bfe2ec3024fdbd34,100
0xe5ba3ccbe4a753d55eb264d3573e715bab345ff1,100
0xd5ca97032b113493f4ce1a83145741dafed52503,100
0x6144a2e7178c87a88fdd6c1a8455ece32f760c4a,100
0xd02e51607f021bebb8ecfd3b743ae4179bcb4426,100
0xc48ad5e483ca5a93d1266260fcee880d9f903966,100
0x15068bfa0474c47abf353a1a05360df34915d7eb,100
0x11695686ef9de8d8b34e9382678d0a9367d6ea76,100
0x9e8a259b6b68dfdebf5bc63c280d7278d1dd22f7,100
0xa25b7a0e68229a44b3da8ccc2d8606ce8d09fda5,100
0x04664f9abf5361da6757de3a77d28d65eee263d5,100
0x9b8ba6c344704472be49c6599d0546b701cff7f2,100
0x915e5e4cfee3bce6d464773a21b6fbe6e0e60b8f,100
0xdde719bb428fb52c0fa5dca1f257e45c6c000ed2,100
0x667d0729562e7829511559f8add7f5bb342125c6,100
0xcd11ec624edf9686f32ab1beebe4e4d94231f2b8,100
0x605c12dd72f18ef1dfd0f860057bf987bb861fdf,100
0xde1d29143d09054d009f8ba0ab7cf7bd92365eba,100
0xe1f215d2204985fd05ef1b7fdfa9eab7b27ddbb9,100
0x84467b0ab55deaf120ab0f9d9f1fd40b5e9cf669,100
0xb07d2545708df5d774fd3149ab83c2e18c44bfda,100
0x90bbf5d6ca7089158354c6425bf3c8825760a4fe,100
0x17936049a6b2c535630e50b859def2f2aa73e609,100
0xe6f7847cf80419b043791f6ce645e36960100f99,100
0x8f78bf7405db870d517a0bf8d5273ffba1e6d1de,100
0x4d5134d901f9b3347df9b21aec22d5b695fc1677,100
0x4234d8f26e927e1248eb7b86dd326a3d8bfd9f91,100
0x6b770cb3a157404ef1f904b7c831b7f04a7ecf5a,100
0xc2de07ccd38e89a3a8f95031d8bb68e7585863cc,100
0x2093ca96382cb69b8fda6d32bb0bec6e14641f8e,100
0xf570a196833472887707c76a17e05f127b451ca2,100
0x26d7ac019886933904ef944eec38d95c566998af,100
0xc4d3ceaf70cd0ccd64d0b275243232251d3387c7,100
0x3319df2f543d9f56a6555119c521a93d2e467081,100
0xb9e1446525e9e7b483567fa142c367bb0c7430ec,100
0x8d3b269e3a6340704817b01baae9964271245d8d,100
0x296a5c074e82ebf53207876899fd79516a324249,100
0x66deb5fce9727fb7851c6a183b95e38258c198d4,100
0x56174aa865275ff21251ffb68e651ff192a9cd07,100
0x8620262510c86943fd841ec2047dfc2953afaea4,100
0x34dc823f065227b24f06cd1d86b687fb7f28d7a0,100
0xe210be845c48824417ad0c414b5e00a6f8241b78,100
0xcfc79aff2de1218a6156185689bfe455f1afb5cb,100
0x9045aeddd539d97edbdd41bee0d8e7d3a26635b4,100
0x491b4fd5ab9ca9e3fd349c9d35f16073a37e5608,100
0x07cece52913374fa0b9c8ce3719c91be4cb337c4,100
0x229e103dc0e28251980091aeae14a681a4b336f5,100
0x152938ca98fb9781f1f946fdd7b9b4a04ec0c9d7,100
0x6f16224bf1ed50a1a9e146339bf10d7f19367d80,100
0xdbad5625b5efe4725638960e77c7eb083281b870,100
0x2b70b8866d89a8b6fa1aced59504711a4b1e85f6,100
0x0250e73110436446ca479348e6d95e56659bdbf3,100
0x95fc2c4d0304e34e30acce88ba99014e079ce1c6,100
0xa69ac4515b97b7a96e14c0e014c8aa2ad2607983,100
0x0f0265a58404f2d3eab269f4a47ee88f9ad64218,100
0x5b98e0973921e4dea6d006c04c2cd5717b9606bc,100
0x6b57f3e9273cd234547947268e02ef623d57248a,100
0x62a0f6fa6dc5574c01dda20ab45fb5d8c17add57,100
0xd74ffc54f828c4853300bf46b4f1f5a50ab363ad,100
0x37633a3359d21e3e2c98cede73b4f92fc928a983,100
0xe734a3024286aa029bdae2bd9e5931d9c52d324f,100
0x47e7e33e2bbb6ffec28a6585d0aa3ff6849cd20e,100
0xab52e3951a3ebbdb692eed80f1535bbe65981f55,100
0x78447a75cb41b8eb3161f4c8d009732fef7cc0eb,100
0xf2089a20676e521be76b5263faa83c7437ae1d5d,100
0x65e2b7b4ceb7118b5b8e80c4e9e9adc83590fc78,100
0xa1be6ee086b8caa6b9cf6cfb87f79e6a73883274,100
0x412a2e0c8333e3c55461a40ce9ec6b7987d8c3d7,100
0x73c65767a31fb95902c43761229be5a2ad6a4bbc,100
0x5e7b262e4811de9015cc2d8b3ecc3d33d8a21fdf,100
0xc66efd236034786a1e77f1315357edf854749282,100
0x9a4aaf341ecd09939b250dfe3dfa25929a731fe1,100
0x2f1e10ef23ef5b321a94d1e5d764cc5754221ad9,100
0x6b7f002eab8dda4231007c0e45be93113100704e,100
0xf8fd7df15daba82f239eef111bb5be5164f80b24,100
0xa83ec8c7761ca9c0b28466cee5cf524446b2b423,100
0xbae1fb964bf9faf2411f4a6b700c492ad37ecc21,100
0xafa879846883a329fe45d66a13881c5379a02244,100
0x02e586df99b5ee5731a862f5e59e83b690a93b75,100
0x21ed39ce1f27741e4420c8169a12d87ce429cb5c,100
0xe38e19551dba12b8fe8e4d2030fe9f56018f9cab,100
0xf58eb9f20f551cb729cfe0aea793f1ac3748aa66,100
0x70201b829ce91c8aad159f1de2095fc6e6e002b1,100
0x4bfff95f03b6cca1612ad5fafbd3e7d29509675c,100
0x842a26ac454c9e513d48eedba38890968befd043,100
0x57f1774ec0aafa039cc367d3882018d5f5260b3f,100
0xc8bd8a99ec5a995c4c873a65b300ade6b757e067,100
0xe7ce54e114082247f99fb6bc5c0897a790890e2f,100
0x5080e158bdcdb42e9de44ba9cde874137e13e872,100
0xf017c05d857457c9024e3ced78cf1fe860aec73c,100
0xd37f0ff37cf1dafe8f613756407d1c530cf239c7,100
0x81f4495e8dd9542468356224ab75f499d4392fe4,100
0x2001f3a978ee1ac3f383f1bb50eb4f185061b2b7,100
0x097ea9b5e8433ffdc94a438f4619990dd1742c7d,100
0x64563a664c01f0467dc0686c00911cd38855edd5,100
0x6563ffb0b6b5a302de30f360769650686ee7e344,100
0x41ef648dc7464e5eb94da9b50b522a695b799b8f,100
0xef08e926c1da2088403d215c3123529ba231d7ec,100
0x6e2853cf77bf7c941233f19180f623e16530714e,100
0x03f85cb02ade24864c3c0edadf3b25b3c55360e7,100
0x796c137e21da247ea9fdcabc8a7d4b131b0af96d,100
0x31fdb11aab3228e1accf2d046500997a046407fb,100
0x353df4e5c693343be8941cdfd282a6e0ae272e1f,100
0x04fd86b8ebe7a2952dbefdaa629dc78a38477057,100
0xdb822dc4f049c3f0a407efbd5fa0319467ba6ca8,100
0x0a5f3f17c2dc4373db65313c2a6016b05135637b,100
0x1908935600c39ebec1e420a238e542f720424e01,100
0xf62de0cb2af1fec358a6e194f4b46d1b8cf60993,100
0xf56c8ec448b31d03198f77bc68d33667006c758e,100
0x99b0a603f1a1ada31904ac2ee4a08411565636b5,100
0x0c172f48639eddadef7d7e89e438891122da9255,100
0x5584cc7c35b25d892b91bed312693af695101164,100
0x8762dd969dbf9476d8cfa495cfc4feb6611a0d31,100
0xc3f386c073da0c89e1f662b410a86681a311d89b,100
